,Area,ID,assign_row,assign_col
0,0.238053275361,48,33.0,39.0
1,0.00515076763988,243,31.0,33.0
2,0.0427241323141,2238,40.0,36.0
3,0.0126395026685,3732,38.0,36.0
4,0.320813202714,5633,38.0,43.0
5,0.0506229632611,6377,29.0,32.0
6,0.0314642956119,11966,27.0,38.0
7,0.0121072023732,11967,30.0,38.0
8,0.0533518643698,11969,29.0,39.0
9,0.00748427906671,12090,31.0,35.0
10,0.0128541554753,12091,31.0,36.0
11,0.018206026539,12678,29.0,35.0
12,0.00910617625907,12715,32.0,32.0
13,0.0359923082508,13346,30.0,40.0
14,0.0132702570189,13763,30.0,40.0
15,0.0184284261623,14050,24.0,35.0
16,0.0647944782152,14054,26.0,35.0
17,0.0485900063573,14057,28.0,34.0
18,0.0055780602065,14060,29.0,31.0
19,0.00814557047867,14069,19.0,24.0
20,0.00872800574031,14070,25.0,36.0
21,0.0598666612236,14071,25.0,35.0
22,0.016537039454,14072,24.0,35.0
23,0.0631721102821,14075,24.0,34.0
24,0.0856362886141,14076,39.0,32.0
25,0.0307687368723,14077,26.0,40.0
26,0.0333763966149,14079,38.0,32.0
27,0.0613250323234,14088,38.0,31.0
28,0.0643297974564,14092,38.0,30.0
29,0.0268832626705,14098,29.0,36.0
30,0.0610260463922,14099,29.0,34.0
31,0.0337299797496,14100,29.0,36.0
32,0.00849995250261,14101,29.0,37.0
33,0.0431444382091,14102,29.0,37.0
34,0.025318286375,14107,30.0,41.0
35,0.0219811338439,14113,19.0,35.0
36,0.00861134883979,14115,31.0,34.0
37,0.0396216585419,14117,23.0,32.0
38,0.0139036184214,14121,30.0,41.0
39,0.0705967731304,14122,34.0,44.0
40,0.0424872976393,14123,30.0,43.0
41,0.0269529381957,14124,30.0,41.0
42,0.0509553824964,14125,30.0,39.0
43,0.210060639462,14126,37.0,42.0
44,0.0963800215569,14128,31.0,45.0
45,0.119641243488,14129,37.0,42.0
46,0.0658990999236,14130,38.0,43.0
47,0.0912737821493,14131,36.0,35.0
48,0.0316593031108,14132,40.0,36.0
49,0.0258096261694,14137,36.0,36.0
50,0.378592694814,14142,19.0,41.0
51,0.492036653703,14143,19.0,42.0
52,0.0761928542022,14144,19.0,42.0
53,0.0164951064548,14332,38.0,33.0
54,0.0471347480652,14333,38.0,33.0
55,0.0157207883027,14336,29.0,37.0
56,0.0360227850371,14351,37.0,42.0
57,0.0109447704996,14352,37.0,44.0
58,0.0365642987821,14353,37.0,44.0
59,0.0232969184442,14354,37.0,44.0
60,0.0472361685314,14355,37.0,44.0
61,0.0160854993205,14356,36.0,45.0
62,0.0492237867544,14357,36.0,45.0
63,0.00451171562537,14470,24.0,35.0
64,0.0232250706515,14471,24.0,34.0
65,0.0239935624714,14472,22.0,36.0
66,0.00959484978191,14473,22.0,36.0
67,0.0138451034543,14474,24.0,34.0
68,0.0422032605663,14475,35.0,31.0
69,0.0804273912029,14477,39.0,30.0
70,0.0362472343577,14478,39.0,30.0
71,0.0332124126308,14479,39.0,30.0
72,0.0328752146764,14480,39.0,30.0
73,0.0175115124321,14481,39.0,30.0
74,0.0681096691295,14482,38.0,30.0
75,0.0565327103834,14483,39.0,30.0
76,0.0918086621052,14484,33.0,37.0
77,0.00528993462279,14485,31.0,35.0
78,0.10623701359,14490,35.0,31.0
79,0.0323836514945,14491,37.0,32.0
80,0.0366271250234,14496,40.0,32.0
81,0.146012977244,14497,39.0,31.0
82,0.015413074822,14498,39.0,33.0
83,0.0227529478939,14499,39.0,32.0
84,0.0243946896108,14500,39.0,32.0
85,0.0432070670052,14501,39.0,32.0
86,0.0292178245608,14502,40.0,32.0
87,0.0145278591586,14503,39.0,32.0
88,0.0592777610171,14504,39.0,32.0
89,0.0237613765678,14505,39.0,32.0
90,0.0199757926007,14506,39.0,32.0
91,0.0158261013498,14507,39.0,32.0
92,0.0160125073278,14508,38.0,32.0
93,0.0239769767588,14509,36.0,31.0
94,0.0503660223898,14510,38.0,32.0
95,0.0517016485556,14511,37.0,33.0
96,0.0152997424545,14512,37.0,32.0
97,0.101747484656,14513,38.0,32.0
98,0.0126887247746,14514,37.0,33.0
99,0.0256328622149,14515,38.0,33.0
100,0.00789779339184,14516,37.0,32.0
101,0.0181603500034,14517,37.0,33.0
102,0.011718034252,14518,37.0,32.0
103,0.0148285729859,14519,37.0,32.0
104,0.0115311592621,14520,38.0,33.0
105,0.0469072014437,14521,38.0,33.0
106,0.0113732778864,14522,38.0,32.0
107,0.0211376950883,14523,39.0,32.0
108,0.0429219242207,14524,38.0,33.0
109,0.00849858733773,14526,37.0,31.0
110,0.161932788732,14532,39.0,30.0
111,0.0193162596752,14535,38.0,30.0
112,0.0278462439345,14538,35.0,31.0
113,0.0309095330624,14539,29.0,34.0
114,0.0181720857237,14540,30.0,37.0
115,0.0282522308029,14541,27.0,38.0
116,0.0389159796393,14542,30.0,37.0
117,0.0315904447246,14543,29.0,36.0
118,0.00881437028328,14544,29.0,35.0
119,0.0058839672873,14560,30.0,41.0
120,0.0437448152975,14563,28.0,38.0
121,0.0335385990317,14564,28.0,39.0
122,0.00948150799076,14565,28.0,38.0
123,0.038328455838,14566,27.0,38.0
124,0.0494915050241,14581,24.0,33.0
125,0.0298478651482,14586,19.0,35.0
126,0.0180397933202,14587,19.0,36.0
127,0.0334864213866,14588,19.0,36.0
128,0.0500576462771,14589,18.0,36.0
129,0.0409643182344,14590,18.0,36.0
130,0.0359776894922,14592,19.0,35.0
131,0.0419386266828,14593,19.0,35.0
132,0.00764287926363,14594,19.0,36.0
133,0.0915691047962,14595,19.0,35.0
134,0.0883697708792,14596,12.0,35.0
135,0.00956236424607,14597,31.0,34.0
136,0.0989671157395,14601,35.0,31.0
137,0.0366880692921,14602,31.0,38.0
138,0.0173336755952,14603,31.0,36.0
139,0.0353226373376,14605,30.0,43.0
140,0.0051755156829,14606,30.0,43.0
141,0.023022953616,14608,37.0,36.0
142,0.0363172223855,14609,35.0,37.0
143,0.0946310448174,14610,33.0,38.0
144,0.040147828186,14611,33.0,38.0
145,0.052939349963,14620,23.0,47.0
146,0.00931699814589,14621,25.0,38.0
147,0.0087686307618,14622,31.0,39.0
148,0.0318973912663,14623,31.0,42.0
149,0.0484775246835,14624,36.0,34.0
150,0.0365419673848,14625,31.0,40.0
151,0.151017262868,14628,31.0,43.0
152,0.0577911453058,14629,33.0,44.0
153,0.111608661642,14630,34.0,44.0
154,0.0399093221265,14631,30.0,43.0
155,0.0266120402444,14632,30.0,42.0
156,0.042147852115,14633,31.0,44.0
157,0.09263248534,14634,31.0,39.0
158,0.0247740875279,14635,29.0,38.0
159,0.122848341091,14636,27.0,40.0
160,0.0579840599692,14637,38.0,43.0
161,0.147136478471,14638,27.0,40.0
162,0.0107476836134,14639,28.0,39.0
163,0.0299822204831,14646,27.0,38.0
164,0.0205961885975,14647,27.0,38.0
165,0.0220129727573,14648,27.0,39.0
166,0.113818336484,14649,27.0,39.0
167,0.027741841492,14650,27.0,39.0
168,0.0812816843481,14651,27.0,41.0
169,0.101219055031,14652,27.0,39.0
170,0.0999678783316,14653,27.0,39.0
171,0.0490276851903,14654,28.0,38.0
172,0.0674400851984,14655,27.0,39.0
173,0.119036359825,14656,27.0,38.0
174,0.0284337862111,14657,27.0,38.0
175,0.030475489066,14658,27.0,38.0
176,0.123199577557,14659,29.0,38.0
177,0.151431157725,14660,31.0,44.0
178,0.0891515098896,14661,36.0,45.0
179,0.0337660976311,14662,37.0,44.0
180,0.0291333518966,14663,38.0,43.0
181,0.00908791601944,14664,38.0,43.0
182,0.0779202629536,14665,37.0,42.0
183,0.117762889071,14666,35.0,44.0
184,0.104283310584,14667,35.0,43.0
185,0.0477437228428,14668,35.0,43.0
186,0.0175933588961,14669,36.0,44.0
187,0.00775166235142,14670,35.0,44.0
188,0.014062800766,14671,35.0,44.0
189,0.0142086929059,14672,36.0,43.0
190,0.0191479456174,14673,36.0,43.0
191,0.041375618278,14674,37.0,42.0
192,0.0418445945517,14675,38.0,43.0
193,0.0571171549227,14676,38.0,42.0
194,0.0313964646477,14677,38.0,43.0
195,0.0228444441425,14678,38.0,43.0
196,0.012066649842,14679,40.0,35.0
197,0.0532177195606,14680,40.0,36.0
198,0.177790565687,14681,38.0,37.0
199,0.0761299686941,14682,38.0,37.0
200,0.0485987457226,14683,38.0,36.0
201,0.140464180848,14684,38.0,37.0
202,0.0717909079724,14685,36.0,32.0
203,0.012737189281,14687,37.0,37.0
204,0.00898049330109,14688,34.0,38.0
205,0.00921407991531,14689,35.0,38.0
206,0.0841366253325,14690,34.0,38.0
207,0.0365931179935,14691,35.0,38.0
208,0.0224516622576,14692,35.0,38.0
209,0.0677260241203,14693,34.0,38.0
210,0.0135024849019,14694,33.0,40.0
211,0.0560255088586,14695,34.0,38.0
212,0.00695687832479,14696,34.0,38.0
213,0.0220466327201,14697,34.0,38.0
214,0.0192048380492,14698,34.0,38.0
215,0.0235186770645,14699,34.0,36.0
216,0.0925993009664,14700,33.0,36.0
217,0.0387138052178,14701,34.0,36.0
218,0.0221685175295,14702,36.0,32.0
219,0.15193256772,14703,31.0,38.0
220,0.0113181020318,14704,35.0,31.0
221,0.0164421999012,14705,35.0,31.0
222,0.0265497690321,14706,35.0,31.0
223,0.0362113257972,14707,37.0,34.0
224,0.0382460520581,14708,37.0,33.0
225,0.0657046221267,14709,36.0,32.0
226,0.0345166093228,14710,37.0,38.0
227,0.0419818601583,14711,37.0,37.0
228,0.0155094035491,14712,40.0,36.0
229,0.0491691647931,14713,39.0,36.0
230,0.0521981804066,14714,39.0,36.0
231,0.0453328120623,14715,40.0,36.0
232,0.0595173062155,14716,40.0,36.0
233,0.0778122520096,14717,40.0,36.0
234,0.105664219315,14718,38.0,37.0
235,0.0210233357702,14719,38.0,37.0
236,0.0394545166168,14720,37.0,34.0
237,0.0398329921488,14721,37.0,34.0
238,0.0073995005369,14722,37.0,34.0
239,0.0365584811705,14723,40.0,36.0
240,0.0414748499088,14724,38.0,34.0
241,0.0582053149414,14725,37.0,37.0
242,0.0250225581157,14726,36.0,34.0
243,0.0197571450487,14727,36.0,34.0
244,0.034397764213,14728,38.0,37.0
245,0.0329897986259,14729,38.0,38.0
246,0.0537320929614,14730,38.0,38.0
247,0.0329605196131,14731,38.0,38.0
248,0.159917044997,14732,38.0,38.0
249,0.0330371166462,14733,37.0,38.0
250,0.0349275271267,14734,37.0,38.0
251,0.0652227631265,14735,37.0,37.0
252,0.0156009841065,14736,37.0,37.0
253,0.024628004298,14737,35.0,38.0
254,0.0150100326458,14738,33.0,38.0
255,0.0162438137221,14739,36.0,35.0
256,0.00743134340143,14753,37.0,36.0
257,0.0344661163665,14754,36.0,41.0
258,0.0794173283105,14755,36.0,39.0
259,0.137999419415,14756,36.0,39.0
260,0.102335764633,14757,37.0,35.0
261,0.0163584151613,14758,37.0,36.0
262,0.0352733911101,14759,37.0,36.0
263,0.0166185566193,14760,37.0,36.0
264,0.0333713487872,14761,37.0,35.0
265,0.0489939088485,14762,37.0,35.0
266,0.0155820243828,14763,36.0,37.0
267,0.0214023536734,14764,37.0,35.0
268,0.0390789838493,14765,36.0,38.0
269,0.135704458267,14766,36.0,37.0
270,0.0324011119775,14802,23.0,47.0
271,0.0167634537718,14803,23.0,47.0
272,0.00473634050341,14804,23.0,47.0
273,0.0102950448535,14805,23.0,47.0
274,0.0247352647021,14806,23.0,47.0
275,0.0490584977055,14807,23.0,47.0
276,0.0727225772182,14808,24.0,47.0
277,0.0210037812199,14835,20.0,36.0
278,0.0152817629408,14836,20.0,36.0
279,0.0469100074876,14837,20.0,36.0
280,0.0318230246686,14838,20.0,36.0
281,0.0218811350623,14839,20.0,36.0
282,0.0398939388523,14840,19.0,41.0
283,0.00428007073556,14841,18.0,38.0
284,0.117451709036,14842,20.0,42.0
285,0.0407526265058,14843,20.0,42.0
286,0.0504246054515,14844,20.0,42.0
287,0.0619728668795,14845,20.0,42.0
288,0.162186507265,14846,20.0,43.0
289,0.0220480085767,14847,22.0,46.0
290,0.10744105596,14848,21.0,46.0
291,0.178087098921,14849,21.0,47.0
292,0.0559737349473,14850,22.0,47.0
293,0.09253681206,14851,22.0,47.0
294,0.0241751120563,14852,21.0,47.0
295,0.0305974136349,14853,21.0,44.0
296,0.0531423341299,14854,20.0,44.0
297,0.070934320299,14855,21.0,44.0
298,0.0651518804864,14856,21.0,44.0
299,0.0509118758802,14857,20.0,44.0
300,0.0668885682858,14858,20.0,45.0
301,0.0326535612676,14859,23.0,47.0
302,0.0367125887553,15345,35.0,44.0
303,0.342515642387,15383,16.0,35.0
304,0.0515638648531,15542,22.0,32.0
305,0.0810108879509,15543,35.0,31.0
306,0.0142887493168,15544,27.0,36.0
307,0.0864081205039,15545,39.0,36.0
308,0.0481652839528,15554,31.0,35.0
309,0.00490315002288,15558,21.0,32.0
310,0.0382125409902,15559,40.0,36.0
311,0.0282188393546,15560,31.0,35.0
