,year,ID,r_c,r_r,r_poi,FAR
0,1,14930.0,0.4,0.2,0.4,2.0
1,1,15549.0,0.6,0.1,0.3,1.9
2,1,14812.0,0.4,0.3,0.3,2.1
3,1,14846.0,0.7,0.2,0.1,2.1
4,1,14685.0,0.4,0.3,0.3,1.9
5,1,14219.0,0.4,0.2,0.4,2.2
6,1,15539.0,0.4,0.3,0.3,2.0
7,1,14759.0,0.6,0.2,0.2,2.1
8,1,15554.0,0.4,0.3,0.3,2.2
9,1,15552.0,0.6,0.2,0.2,2.1
10,1,14843.0,0.4,0.3,0.3,1.9
11,1,14291.0,0.1,0.6,0.3,1.8
12,1,15542.0,0.2,0.6,0.2,2.1
13,1,15316.0,0.4,0.2,0.4,2.1
14,1,14703.0,0.3,0.5,0.2,1.9
15,1,14879.0,0.5,0.2,0.3,1.9
16,1,14553.0,0.3,0.3,0.4,2.2
17,1,14652.0,0.6,0.1,0.3,1.9
18,1,15012.0,0.3,0.3,0.4,2.2
19,1,14782.0,0.5,0.2,0.3,2.1
20,1,15160.0,0.1,0.7,0.2,1.8
21,1,14080.0,0.4,0.2,0.4,2.2
22,1,14546.0,0.2,0.4,0.4,1.9
23,1,14993.0,0.5,0.2,0.3,1.8
24,1,15231.0,0.6,0.2,0.2,1.9
25,1,14720.0,0.3,0.3,0.4,2.2
26,1,15551.0,0.2,0.4,0.4,1.9
27,1,14398.0,0.6,0.1,0.3,2.2
28,1,14945.0,0.1,0.6,0.3,1.8
29,1,14127.0,0.3,0.3,0.4,2.1
30,2,15360.0,0.4,0.2,0.4,2.0
31,2,14932.0,0.2,0.4,0.4,2.2
32,2,14681.0,0.6,0.1,0.3,2.1
33,2,15367.0,0.4,0.3,0.3,2.0
34,2,14571.0,0.1,0.6,0.3,2.1
35,2,14512.0,0.2,0.4,0.4,2.2
36,2,15024.0,0.5,0.2,0.3,1.8
37,2,14880.0,0.1,0.6,0.3,2.0
38,2,14054.0,0.4,0.2,0.4,2.1
39,2,14447.0,0.2,0.6,0.2,1.9
40,2,14300.0,0.4,0.2,0.4,1.9
41,2,15371.0,0.4,0.2,0.4,1.9
42,2,15376.0,0.1,0.7,0.2,1.9
43,2,9319.0,0.7,0.2,0.1,2.0
44,2,14601.0,0.6,0.1,0.3,1.8
45,2,14275.0,0.1,0.7,0.2,2.2
46,2,15158.0,0.3,0.5,0.2,1.8
47,2,14815.0,0.3,0.3,0.4,2.1
48,2,5633.0,0.3,0.3,0.4,2.1
49,2,15100.0,0.4,0.2,0.4,1.9
50,2,14042.0,0.3,0.5,0.2,1.8
51,2,14375.0,0.3,0.3,0.4,2.2
52,2,14197.0,0.6,0.1,0.3,1.8
53,2,14262.0,0.1,0.6,0.3,2.2
54,2,14642.0,0.2,0.4,0.4,2.0
55,2,14858.0,0.4,0.2,0.4,1.9
56,2,14861.0,0.5,0.2,0.3,1.9
57,2,14489.0,0.3,0.3,0.4,1.8
58,2,14104.0,0.3,0.3,0.4,1.8
59,2,14446.0,0.5,0.2,0.3,1.8
60,3,14100.0,0.1,0.6,0.3,2.0
61,3,14190.0,0.3,0.3,0.4,1.8
62,3,15194.0,0.3,0.5,0.2,2.1
63,3,15364.0,0.3,0.3,0.4,1.8
64,3,15324.0,0.2,0.6,0.2,2.1
65,3,14997.0,0.3,0.3,0.4,1.8
66,3,14261.0,0.1,0.6,0.3,2.0
67,3,14106.0,0.7,0.2,0.1,1.8
68,3,243.0,0.7,0.2,0.1,2.2
69,3,14033.0,0.1,0.7,0.2,1.9
70,3,14757.0,0.1,0.6,0.3,1.9
71,3,14057.0,0.5,0.2,0.3,2.1
72,3,14267.0,0.3,0.5,0.2,1.8
73,3,14561.0,0.3,0.3,0.4,2.2
74,3,15387.0,0.1,0.6,0.3,2.1
75,3,15134.0,0.1,0.7,0.2,2.0
76,3,14334.0,0.6,0.1,0.3,2.2
77,3,14632.0,0.1,0.6,0.3,1.8
78,3,14942.0,0.6,0.3,0.1,2.0
79,3,15354.0,0.5,0.2,0.3,1.8
80,3,15538.0,0.6,0.1,0.3,1.9
81,3,14785.0,0.6,0.2,0.2,1.9
82,3,14099.0,0.6,0.2,0.2,2.0
83,3,15224.0,0.3,0.5,0.2,2.2
84,3,14420.0,0.4,0.3,0.3,2.1
85,3,14730.0,0.3,0.5,0.2,1.8
86,3,14745.0,0.5,0.2,0.3,2.0
87,3,15114.0,0.1,0.6,0.3,1.8
88,3,14205.0,0.7,0.2,0.1,2.2
89,3,15119.0,0.6,0.2,0.2,2.0
90,4,14139.0,0.4,0.3,0.3,2.0
91,4,14315.0,0.4,0.2,0.4,1.9
92,4,14894.0,0.1,0.6,0.3,1.8
93,4,14374.0,0.7,0.2,0.1,2.1
94,4,14963.0,0.4,0.3,0.3,1.9
95,4,14422.0,0.1,0.6,0.3,1.8
96,4,14667.0,0.1,0.6,0.3,2.1
97,4,14866.0,0.6,0.1,0.3,1.8
98,4,14228.0,0.6,0.3,0.1,2.1
99,4,14328.0,0.4,0.2,0.4,2.1
100,4,15344.0,0.6,0.1,0.3,2.1
101,4,14872.0,0.1,0.6,0.3,1.8
102,4,14710.0,0.6,0.2,0.2,1.8
103,4,14555.0,0.7,0.2,0.1,2.1
104,4,14572.0,0.6,0.3,0.1,2.2
105,4,14944.0,0.5,0.2,0.3,2.2
106,4,14417.0,0.4,0.3,0.3,2.0
107,4,14367.0,0.4,0.2,0.4,2.0
108,4,14780.0,0.3,0.3,0.4,1.8
109,4,14848.0,0.4,0.2,0.4,2.2
110,4,14825.0,0.3,0.5,0.2,2.2
111,4,14519.0,0.4,0.2,0.4,2.2
112,4,14927.0,0.2,0.4,0.4,1.9
113,4,14610.0,0.5,0.2,0.3,1.8
114,4,14770.0,0.2,0.4,0.4,2.2
115,4,15379.0,0.6,0.2,0.2,2.0
116,4,14774.0,0.2,0.4,0.4,1.9
117,4,14844.0,0.5,0.2,0.3,2.2
118,4,14742.0,0.5,0.2,0.3,1.8
119,4,14490.0,0.5,0.2,0.3,1.8
120,5,14268.0,0.6,0.1,0.3,2.2
121,5,14061.0,0.4,0.2,0.4,1.8
122,5,15026.0,0.6,0.1,0.3,2.2
123,5,14923.0,0.3,0.5,0.2,2.0
124,5,14717.0,0.5,0.2,0.3,1.8
125,5,14226.0,0.2,0.7,0.1,2.0
126,5,14230.0,0.1,0.6,0.3,2.2
127,5,14554.0,0.2,0.6,0.2,2.2
128,5,14709.0,0.3,0.3,0.4,1.8
129,5,15352.0,0.3,0.5,0.2,1.8
130,5,15366.0,0.1,0.7,0.2,2.0
131,5,15547.0,0.4,0.2,0.4,2.2
132,5,15326.0,0.3,0.3,0.4,2.2
133,5,15129.0,0.2,0.4,0.4,1.8
134,5,14135.0,0.3,0.3,0.4,2.2
135,5,15369.0,0.6,0.1,0.3,1.8
136,5,14296.0,0.4,0.2,0.4,2.2
137,5,14592.0,0.1,0.7,0.2,2.2
138,5,14634.0,0.6,0.3,0.1,2.0
139,5,14160.0,0.3,0.5,0.2,2.1
140,5,14035.0,0.3,0.3,0.4,1.8
141,5,14434.0,0.3,0.3,0.4,2.2
142,5,14659.0,0.4,0.2,0.4,1.9
143,5,14036.0,0.1,0.7,0.2,1.8
144,5,15548.0,0.6,0.1,0.3,2.1
145,5,48.0,0.3,0.5,0.2,2.2
146,5,14351.0,0.4,0.2,0.4,1.8
147,5,14306.0,0.2,0.4,0.4,2.1
148,5,14758.0,0.4,0.2,0.4,2.1
149,5,14612.0,0.7,0.2,0.1,2.0
150,6,15306.0,0.3,0.3,0.4,1.8
151,6,14725.0,0.1,0.6,0.3,2.0
152,6,15333.0,0.6,0.3,0.1,2.2
153,6,15382.0,0.1,0.7,0.2,1.8
154,6,14298.0,0.2,0.4,0.4,1.8
155,6,14769.0,0.6,0.1,0.3,1.9
156,6,15014.0,0.6,0.2,0.2,2.1
157,6,15198.0,0.6,0.1,0.3,1.8
158,6,14223.0,0.2,0.7,0.1,2.0
159,6,15140.0,0.3,0.3,0.4,1.8
160,6,14067.0,0.7,0.2,0.1,1.8
161,6,15288.0,0.6,0.2,0.2,1.9
162,6,15117.0,0.1,0.6,0.3,2.0
163,6,14789.0,0.2,0.6,0.2,2.2
164,6,14765.0,0.6,0.1,0.3,1.9
165,6,14335.0,0.7,0.2,0.1,2.2
166,6,14476.0,0.4,0.2,0.4,1.9
167,6,14633.0,0.2,0.7,0.1,2.2
168,6,14914.0,0.2,0.7,0.1,2.0
169,6,15314.0,0.2,0.4,0.4,2.0
170,6,14299.0,0.1,0.6,0.3,2.1
171,6,15270.0,0.1,0.7,0.2,1.8
172,6,14397.0,0.6,0.2,0.2,1.9
173,6,14851.0,0.2,0.7,0.1,2.1
174,6,14832.0,0.5,0.2,0.3,2.2
175,6,14620.0,0.6,0.2,0.2,1.8
176,6,14485.0,0.5,0.2,0.3,2.2
177,6,14289.0,0.6,0.3,0.1,2.2
178,6,14107.0,0.2,0.4,0.4,2.0
179,6,14525.0,0.4,0.2,0.4,2.2
180,7,14440.0,0.4,0.2,0.4,1.8
181,7,14552.0,0.3,0.3,0.4,2.2
182,7,14889.0,0.6,0.2,0.2,1.8
183,7,14809.0,0.1,0.6,0.3,2.0
184,7,15164.0,0.5,0.2,0.3,2.1
185,7,14396.0,0.6,0.2,0.2,2.2
186,7,14788.0,0.7,0.2,0.1,2.0
187,7,14838.0,0.3,0.5,0.2,2.2
188,7,14090.0,0.4,0.3,0.3,1.8
189,7,12729.0,0.1,0.7,0.2,1.9
190,7,14456.0,0.2,0.6,0.2,2.1
191,7,14865.0,0.2,0.4,0.4,2.0
192,7,14295.0,0.1,0.7,0.2,1.8
193,7,14646.0,0.4,0.2,0.4,2.2
194,7,14284.0,0.4,0.2,0.4,2.0
195,7,15132.0,0.1,0.6,0.3,2.2
196,7,14627.0,0.7,0.2,0.1,2.0
197,7,14412.0,0.3,0.5,0.2,2.2
198,7,14729.0,0.1,0.6,0.3,2.0
199,7,14125.0,0.2,0.7,0.1,1.9
200,7,14162.0,0.3,0.5,0.2,2.2
201,7,14161.0,0.5,0.2,0.3,2.0
202,7,15537.0,0.5,0.2,0.3,2.0
203,7,15346.0,0.2,0.4,0.4,2.0
204,7,14264.0,0.4,0.3,0.3,1.8
205,7,15064.0,0.4,0.2,0.4,2.0
206,7,14835.0,0.4,0.2,0.4,1.9
207,7,14405.0,0.6,0.3,0.1,2.0
208,7,14145.0,0.4,0.2,0.4,1.9
209,7,15289.0,0.2,0.4,0.4,2.2
210,8,14329.0,0.4,0.3,0.3,2.2
211,8,14752.0,0.4,0.2,0.4,1.9
212,8,15038.0,0.2,0.7,0.1,2.2
213,8,14874.0,0.6,0.1,0.3,2.0
214,8,14414.0,0.2,0.7,0.1,1.8
215,8,15342.0,0.4,0.2,0.4,2.2
216,8,14255.0,0.3,0.5,0.2,2.2
217,8,14510.0,0.7,0.2,0.1,2.1
218,8,14651.0,0.2,0.7,0.1,2.0
219,8,15323.0,0.4,0.2,0.4,2.1
220,8,14480.0,0.7,0.2,0.1,2.1
221,8,14749.0,0.6,0.3,0.1,2.2
222,8,15105.0,0.3,0.3,0.4,1.8
223,8,14392.0,0.6,0.1,0.3,2.0
224,8,14049.0,0.3,0.3,0.4,2.1
225,8,15027.0,0.3,0.3,0.4,2.0
226,8,15368.0,0.4,0.2,0.4,2.0
227,8,14050.0,0.2,0.6,0.2,1.8
228,8,12759.0,0.7,0.2,0.1,2.1
229,8,14259.0,0.6,0.3,0.1,2.2
230,8,15148.0,0.3,0.5,0.2,2.2
231,8,15562.0,0.7,0.2,0.1,2.2
232,8,15007.0,0.3,0.5,0.2,1.8
233,8,15183.0,0.6,0.3,0.1,2.1
234,8,14048.0,0.6,0.1,0.3,2.1
235,8,14204.0,0.7,0.2,0.1,2.1
236,8,14550.0,0.2,0.6,0.2,2.2
237,8,14089.0,0.4,0.2,0.4,2.0
238,8,15136.0,0.2,0.7,0.1,2.2
239,8,14092.0,0.1,0.7,0.2,1.8
240,9,15082.0,0.5,0.2,0.3,1.8
241,9,14141.0,0.6,0.2,0.2,1.9
242,9,14532.0,0.1,0.6,0.3,1.9
243,9,15131.0,0.4,0.3,0.3,2.1
244,9,14682.0,0.2,0.4,0.4,2.1
245,9,14867.0,0.2,0.4,0.4,2.2
246,9,14799.0,0.5,0.2,0.3,2.0
247,9,15378.0,0.5,0.2,0.3,1.9
248,9,14421.0,0.4,0.2,0.4,2.2
249,9,14599.0,0.3,0.3,0.4,2.2
250,9,14231.0,0.5,0.2,0.3,2.2
251,9,14071.0,0.6,0.3,0.1,2.2
252,9,15210.0,0.2,0.4,0.4,1.8
253,9,15046.0,0.1,0.7,0.2,2.0
254,9,14455.0,0.3,0.5,0.2,2.0
255,9,14974.0,0.6,0.3,0.1,2.2
256,9,14591.0,0.3,0.3,0.4,2.2
257,9,15535.0,0.7,0.2,0.1,2.2
258,9,14339.0,0.7,0.2,0.1,2.1
259,9,14943.0,0.6,0.1,0.3,2.1
260,9,14899.0,0.2,0.6,0.2,1.9
261,9,15373.0,0.6,0.2,0.2,2.1
262,9,14755.0,0.7,0.2,0.1,2.2
263,9,14111.0,0.6,0.2,0.2,2.1
264,9,14280.0,0.1,0.6,0.3,1.8
265,9,15327.0,0.3,0.3,0.4,2.1
266,9,14292.0,0.3,0.5,0.2,2.2
267,9,14227.0,0.7,0.2,0.1,2.0
268,9,14744.0,0.3,0.3,0.4,2.0
269,9,14331.0,0.4,0.2,0.4,1.8
270,10,14083.0,0.2,0.7,0.1,1.8
271,10,14741.0,0.2,0.6,0.2,2.1
272,10,14766.0,0.3,0.5,0.2,1.8
273,10,15388.0,0.4,0.3,0.3,1.9
274,10,14032.0,0.2,0.4,0.4,1.9
275,10,14564.0,0.3,0.5,0.2,1.9
276,10,14500.0,0.1,0.7,0.2,1.8
277,10,14322.0,0.7,0.2,0.1,1.9
278,10,14860.0,0.5,0.2,0.3,1.9
279,10,14098.0,0.4,0.2,0.4,1.9
280,10,14279.0,0.4,0.3,0.3,1.8
281,10,14368.0,0.1,0.7,0.2,2.1
282,10,14075.0,0.3,0.5,0.2,2.1
283,10,14772.0,0.3,0.3,0.4,1.8
284,10,14297.0,0.5,0.2,0.3,1.8
285,10,15283.0,0.4,0.3,0.3,2.1
286,10,14176.0,0.5,0.2,0.3,1.9
287,10,15169.0,0.3,0.5,0.2,1.9
288,10,14251.0,0.3,0.5,0.2,1.8
289,10,15065.0,0.4,0.2,0.4,1.9
290,10,14689.0,0.4,0.2,0.4,2.2
291,10,15052.0,0.6,0.3,0.1,2.0
292,10,15217.0,0.4,0.3,0.3,2.2
293,10,15206.0,0.2,0.7,0.1,2.0
294,10,14173.0,0.5,0.2,0.3,2.2
295,10,14862.0,0.6,0.3,0.1,2.2
296,10,14488.0,0.4,0.2,0.4,2.2
297,10,14167.0,0.5,0.2,0.3,2.1
298,10,13763.0,0.1,0.7,0.2,2.2
299,10,14105.0,0.1,0.6,0.3,2.0
300,11,14761.0,0.6,0.1,0.3,2.2
301,11,14700.0,0.4,0.2,0.4,1.8
302,11,15257.0,0.3,0.5,0.2,1.9
303,11,15250.0,0.5,0.2,0.3,1.9
304,11,14640.0,0.7,0.2,0.1,2.0
305,11,14713.0,0.2,0.7,0.1,1.8
306,11,15193.0,0.1,0.6,0.3,2.2
307,11,14301.0,0.2,0.6,0.2,2.2
308,11,14537.0,0.3,0.3,0.4,1.8
309,11,14497.0,0.3,0.3,0.4,1.8
310,11,15370.0,0.1,0.7,0.2,2.0
311,11,15307.0,0.7,0.2,0.1,1.9
312,11,14589.0,0.4,0.3,0.3,1.9
313,11,14845.0,0.6,0.3,0.1,1.8
314,11,14593.0,0.6,0.1,0.3,2.2
315,11,14972.0,0.6,0.1,0.3,1.8
316,11,14186.0,0.1,0.7,0.2,2.2
317,11,14276.0,0.1,0.7,0.2,2.2
318,11,14256.0,0.6,0.3,0.1,2.0
319,11,14070.0,0.3,0.5,0.2,2.2
320,11,14475.0,0.6,0.3,0.1,2.0
321,11,14142.0,0.1,0.7,0.2,2.1
322,11,14976.0,0.3,0.5,0.2,2.0
323,11,15318.0,0.6,0.3,0.1,2.2
324,11,15174.0,0.1,0.6,0.3,1.8
325,11,14831.0,0.3,0.5,0.2,2.2
326,11,15036.0,0.4,0.2,0.4,1.8
327,11,14790.0,0.2,0.4,0.4,2.1
328,11,14996.0,0.4,0.2,0.4,2.1
329,11,15147.0,0.2,0.7,0.1,2.0
330,12,14324.0,0.3,0.5,0.2,2.0
331,12,14123.0,0.6,0.2,0.2,1.8
332,12,14973.0,0.6,0.1,0.3,2.2
333,12,14735.0,0.3,0.3,0.4,2.0
334,12,14684.0,0.4,0.2,0.4,2.1
335,12,14929.0,0.4,0.2,0.4,2.0
336,12,14366.0,0.4,0.3,0.3,2.1
337,12,14305.0,0.3,0.3,0.4,1.8
338,12,14539.0,0.7,0.2,0.1,2.2
339,12,15282.0,0.3,0.3,0.4,2.0
340,12,14330.0,0.6,0.1,0.3,2.2
341,12,15211.0,0.7,0.2,0.1,2.1
342,12,14108.0,0.1,0.6,0.3,1.9
343,12,14081.0,0.1,0.7,0.2,2.0
344,12,15156.0,0.1,0.7,0.2,2.1
345,12,14143.0,0.6,0.2,0.2,2.1
346,12,14595.0,0.7,0.2,0.1,2.2
347,12,14719.0,0.7,0.2,0.1,2.2
348,12,14513.0,0.3,0.5,0.2,2.1
349,12,14163.0,0.3,0.3,0.4,1.8
350,12,15121.0,0.3,0.5,0.2,2.0
351,12,14732.0,0.2,0.6,0.2,2.1
352,12,14628.0,0.6,0.1,0.3,2.2
353,12,14410.0,0.2,0.4,0.4,2.2
354,12,14863.0,0.2,0.7,0.1,2.2
355,12,15238.0,0.1,0.7,0.2,1.8
356,12,14310.0,0.4,0.3,0.3,2.0
357,12,15189.0,0.2,0.4,0.4,2.2
358,12,14548.0,0.4,0.3,0.3,2.0
359,12,14690.0,0.4,0.3,0.3,2.2
