assign_row,assign_col,area
33.0,39.0,238053.27536093842
31.0,33.0,5150.767639860707
27.0,27.0,8934.12055099701
34.0,27.0,18067.240723679803
40.0,36.0,182349.97237722782
28.0,14.0,150779.44547639583
38.0,36.0,12639.502668227358
39.0,10.0,58483.82089606229
41.0,26.0,23603.806050848787
38.0,43.0,418102.09524241445
29.0,32.0,50622.96326125783
15.0,21.0,53269.651831499934
40.0,10.0,35920.952052297675
40.0,10.0,12611.320799247042
40.0,10.0,45829.155844965586
41.0,10.0,21284.30366881819
40.0,10.0,176135.02834639765
41.0,10.0,100673.06771129061
39.0,10.0,132013.161623485
40.0,10.0,109069.81186417499
40.0,10.0,32441.230772910112
40.0,10.0,59531.398864497474
40.0,10.0,9604.352635114761
40.0,10.0,6073.672360410507
40.0,10.0,10152.712867457793
39.0,10.0,13981.076520983332
39.0,10.0,36050.021745125356
39.0,9.0,85974.74782006344
29.0,13.0,16249.710045741964
29.0,13.0,3910.385656868864
29.0,13.0,29270.425312774732
39.0,14.0,68625.65869974742
30.0,48.0,8837.635205793806
23.0,20.0,9766.483475583307
33.0,25.0,6927.97663643982
34.0,16.0,12294.969058897575
33.0,22.0,4240.46732621252
27.0,38.0,31464.29561206785
30.0,38.0,12107.202372902095
29.0,39.0,53351.86436990804
28.0,29.0,5446.932829375692
31.0,35.0,7484.27906671852
31.0,36.0,12854.15547533725
37.0,18.0,43483.75487686377
29.0,35.0,18206.026538930444
13.0,23.0,8305.022278078532
32.0,32.0,9106.17625921065
41.0,26.0,67352.68336704225
32.0,49.0,23695.289415891413
22.0,19.0,6915.978524776411
26.0,21.0,15179.157097177747
39.0,10.0,9873.052958385939
40.0,10.0,30138.81017255451
33.0,12.0,29410.456773724625
30.0,9.0,11412.13833242367
32.0,15.0,11396.539326417937
30.0,40.0,35992.308250952185
30.0,40.0,13270.257018915736
42.0,25.0,59358.621872862255
29.0,13.0,31253.13439737665
29.0,48.0,7265.244683290806
49.0,1.0,220738.13262216013
50.0,2.0,74814.16967631351
49.0,4.0,96564.48698388832
50.0,5.0,79645.76266630233
53.0,11.0,118192.42748930522
3.0,18.0,209841.45956802677
3.0,19.0,66322.20732922367
50.0,12.0,1065652.4819597802
9.0,25.0,154698.31697498122
38.0,14.0,23740.484864400874
9.0,27.0,778922.870726081
37.0,13.0,47705.283619373804
38.0,19.0,10431.12501513699
38.0,19.0,15886.6474777615
4.0,26.0,53407.45386550149
8.0,26.0,197301.39938822243
11.0,30.0,291728.2661310027
4.0,20.0,122621.56736951304
24.0,35.0,22940.141787654873
8.0,14.0,192627.92321714704
3.0,19.0,40574.80604072639
41.0,21.0,39538.80634435729
26.0,35.0,64794.47821533833
38.0,28.0,29576.483134374215
38.0,27.0,23529.673935850056
28.0,34.0,48590.00635728162
39.0,21.0,27306.907095913608
36.0,15.0,30790.251750427164
29.0,31.0,5578.060206449232
37.0,12.0,107807.69870723847
38.0,17.0,17771.660717625513
39.0,16.0,9589.71623105783
38.0,17.0,56780.350270724106
38.0,17.0,7737.975485907957
37.0,17.0,72328.17053437284
38.0,18.0,24397.359379860947
37.0,18.0,76651.74583056929
19.0,24.0,8145.570478655361
25.0,36.0,8728.005740214327
25.0,35.0,59866.66122397092
24.0,35.0,16537.039453908325
40.0,27.0,51326.25452960051
13.0,24.0,7792.530998988383
24.0,34.0,63172.11028211588
39.0,32.0,166051.74471956657
26.0,40.0,30768.736872284866
40.0,35.0,18975.07749879115
38.0,32.0,33376.39661495897
37.0,27.0,429647.1024818455
38.0,26.0,103715.41923113575
38.0,26.0,25314.090639306516
35.0,24.0,13399.50944664688
37.0,28.0,19609.13972425113
36.0,28.0,17810.97826144866
38.0,28.0,26972.524468537653
37.0,27.0,24575.290803872536
38.0,30.0,193764.49890922068
36.0,27.0,54935.61324054585
36.0,27.0,29548.723713990417
38.0,27.0,32380.583896905773
36.0,28.0,10026.33198988789
37.0,30.0,21190.893302998295
35.0,30.0,37847.15394252468
37.0,29.0,14586.79611660609
37.0,23.0,79433.02080794802
29.0,36.0,26883.262670491233
29.0,34.0,61026.04639215213
29.0,36.0,33729.979749684266
29.0,37.0,8499.952502577533
29.0,37.0,58865.22651207437
11.0,26.0,144759.23901840052
9.0,17.0,277248.4900305107
14.0,22.0,45488.469047618906
30.0,41.0,25318.286374918738
17.0,22.0,83696.3506879383
17.0,21.0,19829.208371309196
17.0,20.0,14893.210075839748
17.0,24.0,65737.60230621591
42.0,27.0,65924.20059423783
19.0,35.0,107540.32928241382
41.0,24.0,28491.624279662636
31.0,34.0,8611.348839599807
42.0,24.0,33237.208700237556
23.0,32.0,39621.658541858524
41.0,26.0,10177.404642172016
42.0,24.0,5788.7532937830265
30.0,41.0,13903.618421338682
34.0,44.0,70596.77313033195
30.0,43.0,82396.61976586682
30.0,41.0,26952.938195618313
30.0,39.0,50955.38249645827
37.0,42.0,365724.66798800585
45.0,17.0,992140.9178212951
31.0,45.0,96380.02155727189
36.0,35.0,155995.12055461624
40.0,36.0,147608.33590768953
34.0,13.0,18101.331506076604
34.0,16.0,116372.63849007894
34.0,13.0,86461.02976186671
36.0,36.0,25809.626169382987
43.0,22.0,86802.78372207262
52.0,22.0,739274.0765806788
44.0,22.0,34290.65537702697
19.0,41.0,378592.69481430924
20.0,42.0,609488.3627387506
19.0,42.0,76192.85420208545
23.0,52.0,1139308.8885190547
32.0,50.0,5624.528024844694
32.0,50.0,18237.63696338376
30.0,48.0,11837.606425866537
30.0,48.0,9617.328703153806
30.0,47.0,9572.277906867632
31.0,46.0,40976.15849719269
32.0,48.0,8129.210381291642
20.0,12.0,24154.49813549535
21.0,10.0,23269.754307337305
21.0,10.0,52949.87399741396
20.0,12.0,42237.5706536612
9.0,36.0,366869.5884713654
10.0,37.0,321687.79486352636
5.0,45.0,172837.9854852159
20.0,13.0,233866.39381929583
47.0,40.0,506043.55981553666
28.0,13.0,94515.83578561619
17.0,47.0,517523.63616962335
21.0,10.0,164064.37527296456
26.0,14.0,114186.64798108363
17.0,15.0,26356.838523595234
47.0,40.0,277664.4578575781
42.0,31.0,64493.90660727747
18.0,17.0,60396.05111960289
19.0,17.0,93113.1323688586
19.0,17.0,19863.86814848774
26.0,21.0,14153.698249517201
24.0,22.0,6728.396241572922
41.0,4.0,78121.83056589025
11.0,7.0,596497.1981616132
42.0,9.0,82815.06263007666
42.0,8.0,55446.08749722503
42.0,9.0,94984.55137767794
9.0,9.0,332526.97413972183
9.0,11.0,84822.8366987242
13.0,11.0,488315.71995126305
40.0,10.0,13359.130549787942
37.0,7.0,68272.55367381564
42.0,7.0,282819.6897426646
32.0,9.0,67371.89549081367
28.0,5.0,121762.55376483557
24.0,3.0,33808.79446587526
25.0,2.0,21423.96749156257
28.0,8.0,95406.16805400509
28.0,5.0,7994.982158718467
27.0,4.0,18843.61400452272
27.0,7.0,23554.20217729287
28.0,5.0,13278.0046110226
28.0,16.0,11292.221940080759
20.0,20.0,31945.3937985551
29.0,18.0,9262.983270268669
17.0,46.0,38464.21922486389
20.0,4.0,138122.61627150993
19.0,2.0,131815.45221183053
20.0,3.0,46250.825887624494
19.0,3.0,203937.0759479314
19.0,3.0,144766.68228379227
19.0,2.0,34721.98208479864
19.0,2.0,7593.130293549999
20.0,2.0,30266.733465546706
25.0,2.0,10621.206886181579
25.0,2.0,13149.113387374344
18.0,2.0,104616.28378728217
52.0,2.0,320200.365527918
52.0,2.0,30544.957591040253
53.0,8.0,349570.0508766703
53.0,6.0,283433.3889864732
53.0,5.0,291105.73151631805
52.0,1.0,114783.20224314487
53.0,4.0,254915.29333042947
52.0,4.0,107225.63551189663
53.0,3.0,86030.0936345557
46.0,2.0,71493.487058146
51.0,1.0,184553.50118700071
49.0,1.0,97345.7868042302
48.0,2.0,18427.681819338264
47.0,1.0,98339.45934268567
47.0,2.0,68492.33273634534
47.0,1.0,28023.632410521805
52.0,1.0,28570.999888336853
52.0,1.0,164339.34791202616
52.0,1.0,130559.77981262733
52.0,1.0,9442.952658353835
51.0,1.0,65576.11043497548
52.0,1.0,25307.60026629735
45.0,8.0,131245.25842530324
51.0,4.0,34301.53778147278
51.0,5.0,35187.20966060006
51.0,5.0,48013.48223739527
51.0,5.0,83348.95373714749
50.0,5.0,56824.738256359095
50.0,5.0,78560.79011192985
53.0,8.0,244305.48557948563
48.0,8.0,41081.15579252436
46.0,2.0,129872.21452733519
48.0,4.0,59261.5960402266
45.0,2.0,193433.51321594603
45.0,1.0,127786.27229849921
44.0,2.0,51020.12793166917
44.0,2.0,139259.66997904168
44.0,3.0,87917.73943691276
53.0,10.0,225120.12840373706
53.0,11.0,423663.3947625869
53.0,11.0,104981.41683896944
50.0,11.0,259355.14129315404
37.0,12.0,176295.52946369615
37.0,13.0,13684.211000851023
37.0,13.0,44940.909149101644
46.0,1.0,41833.29625950485
46.0,2.0,161644.12948753964
49.0,10.0,262534.7068110351
2.0,14.0,176154.93604347095
4.0,15.0,123231.05578930145
4.0,18.0,221256.73261029966
4.0,16.0,116458.26800387389
46.0,12.0,492618.2435449718
50.0,12.0,183440.13415889975
10.0,25.0,268820.9952104126
9.0,24.0,79533.3364134784
11.0,32.0,157119.4537520378
10.0,28.0,457173.5769881103
11.0,30.0,99590.4745195457
10.0,28.0,16110.639007056283
4.0,30.0,137561.54646322652
5.0,30.0,209778.8694868927
5.0,30.0,128156.74171109892
5.0,30.0,177933.7951856886
6.0,27.0,417193.74583028
8.0,26.0,307309.0514044113
37.0,13.0,23495.45335513002
38.0,33.0,63629.854520096786
39.0,20.0,106478.87522087316
37.0,27.0,10567.676936361375
3.0,25.0,29711.10505589075
3.0,26.0,53524.38431857563
5.0,26.0,189562.6673409142
5.0,26.0,43713.0086454649
5.0,25.0,169924.05505104194
5.0,25.0,8976.603732593105
5.0,26.0,18630.414628351184
5.0,25.0,17195.30585295843
37.0,44.0,47509.06928153192
37.0,44.0,70533.0869756748
36.0,45.0,105237.0092103033
36.0,45.0,49223.78675425582
3.0,26.0,45665.65328635681
5.0,26.0,17970.89450739294
4.0,20.0,243156.69757327304
4.0,20.0,97930.1252314263
4.0,20.0,35535.80009457565
5.0,21.0,44941.003558843004
5.0,21.0,71307.15642768095
5.0,20.0,12965.142212946032
4.0,26.0,142052.98133891664
3.0,27.0,242570.13750041297
4.0,26.0,10677.691863994773
4.0,26.0,76267.07362022987
4.0,26.0,25481.038467698432
6.0,30.0,30669.197268768366
6.0,27.0,37349.92641109046
9.0,25.0,26498.66367233634
9.0,26.0,135196.20948814086
9.0,26.0,98021.07225302976
9.0,26.0,53869.66783964634
9.0,26.0,16204.308700660127
11.0,32.0,214184.56603879668
4.0,34.0,154353.37884412368
3.0,31.0,767334.0955251913
3.0,13.0,183575.90223579522
42.0,15.0,40024.8352015368
3.0,31.0,16673.077380365536
3.0,11.0,267296.36615706835
4.0,11.0,213260.27722610434
4.0,12.0,270817.77310136665
4.0,15.0,14129.48671143896
2.0,14.0,316267.6212360084
2.0,14.0,31056.200418573822
2.0,14.0,16516.56951097861
6.0,24.0,323130.18809490325
6.0,23.0,51211.17830732935
5.0,22.0,133810.6025055809
6.0,21.0,156362.9951300279
6.0,21.0,78016.0076640265
7.0,21.0,53001.012409269686
41.0,15.0,206482.2614150335
39.0,25.0,87871.9634213321
37.0,21.0,9429.664978848436
36.0,27.0,6823.101800287044
39.0,21.0,38933.13283092873
39.0,21.0,19826.56926710673
39.0,22.0,111177.38944242845
40.0,23.0,23263.65912556656
40.0,21.0,31969.584796214258
37.0,21.0,46345.67389199766
40.0,21.0,8621.412211755063
36.0,14.0,70241.5533831057
37.0,16.0,75093.828221973
37.0,13.0,11317.049623611656
36.0,14.0,147179.53288998443
38.0,19.0,33049.01764285438
38.0,18.0,11307.635521144011
39.0,20.0,25694.315877148918
36.0,11.0,18229.352574470708
24.0,34.0,37070.17410562304
22.0,36.0,23993.562471414712
22.0,36.0,9594.849781782552
35.0,31.0,148440.27415624066
36.0,31.0,113159.41687513722
39.0,30.0,156276.36126150016
39.0,30.0,119846.37409702595
33.0,37.0,91808.66210515685
31.0,35.0,5289.934622794449
17.0,21.0,18779.629712827766
17.0,21.0,5678.581683044959
18.0,21.0,60153.64519585812
36.0,31.0,38343.08751443463
37.0,32.0,32383.651494537018
36.0,31.0,22190.63026424647
36.0,29.0,6924.01665596021
41.0,28.0,54505.62752608941
40.0,32.0,65844.94958482562
39.0,31.0,146012.9772442076
39.0,33.0,15413.074822021386
39.0,32.0,46514.324461598815
39.0,32.0,38922.54876946483
39.0,32.0,63182.85960564109
39.0,32.0,15826.101349723587
38.0,32.0,16012.507327670432
38.0,32.0,61739.30027601198
37.0,33.0,77759.79195101938
38.0,32.0,117047.22711052325
38.0,33.0,38321.58698948628
37.0,32.0,11718.034251958885
37.0,32.0,14828.572985751443
38.0,33.0,11531.159262202364
38.0,33.0,46907.201443654645
38.0,33.0,42921.92422075704
37.0,31.0,8498.58733778847
38.0,27.0,3674.0296817528742
38.0,24.0,32095.90777528821
38.0,24.0,24555.600420902407
37.0,25.0,20176.829804287623
36.0,29.0,13978.623672979422
39.0,30.0,161932.7887319357
38.0,27.0,20655.816017763354
37.0,29.0,19608.385341367473
37.0,28.0,87571.98684320654
35.0,31.0,27846.24393448589
29.0,34.0,30909.53306231275
30.0,37.0,18172.08572364814
27.0,38.0,28252.230802985574
30.0,37.0,38915.97963930425
29.0,36.0,31590.444724659483
29.0,35.0,8814.370283271102
11.0,26.0,107394.56466875957
11.0,26.0,312078.6764915193
8.0,16.0,100261.52529605261
8.0,16.0,76309.72354181347
8.0,16.0,34680.15966483248
9.0,17.0,427893.99736687285
9.0,17.0,23307.521682408147
8.0,17.0,95298.97705062335
9.0,17.0,88884.9106257199
10.0,25.0,47419.09695631697
11.0,27.0,168491.46776246672
42.0,25.0,10501.373212013837
44.0,24.0,18989.577679863258
30.0,41.0,5883.967287382937
48.0,18.0,1114237.193479298
28.0,38.0,215972.07804472555
28.0,39.0,44286.2826453669
28.0,38.0,9481.507990708025
27.0,38.0,66762.24204916984
16.0,22.0,14959.686775089243
14.0,25.0,77958.11391320195
13.0,24.0,27155.95662803688
12.0,24.0,19699.55752639087
12.0,24.0,24429.878565549458
17.0,21.0,18144.968327849696
17.0,21.0,25283.857827714495
17.0,21.0,62468.55009109575
17.0,21.0,36758.20031432989
17.0,21.0,20449.48283070729
17.0,21.0,57865.170805141046
14.0,24.0,23781.907548628642
16.0,23.0,20126.277684831926
24.0,33.0,49491.505024183934
34.0,18.0,44739.361779420215
34.0,20.0,65598.38019606083
34.0,17.0,30106.872277101014
19.0,35.0,29847.865148415258
19.0,36.0,18039.793320287346
19.0,36.0,33486.42138663969
18.0,36.0,91021.964511687
42.0,26.0,296556.565047012
19.0,35.0,91569.10479632312
12.0,35.0,88369.77087975734
31.0,34.0,9562.364246129768
34.0,18.0,9787.179573895613
34.0,17.0,8237.327698434381
34.0,17.0,37220.274865721825
35.0,31.0,217845.87475417095
31.0,38.0,36688.069292449596
31.0,36.0,17333.675595343153
42.0,25.0,31054.821535014304
30.0,43.0,40498.153020426005
37.0,36.0,74654.7598872224
35.0,37.0,36317.22238557835
33.0,38.0,134778.8730030169
51.0,16.0,1205422.3800567957
45.0,24.0,102651.16758452861
48.0,25.0,118401.89425116076
48.0,25.0,172094.00525773168
43.0,29.0,6866.8716359271775
23.0,47.0,52939.34996286873
25.0,38.0,9316.998145959262
31.0,39.0,8768.630761770795
31.0,42.0,31897.391266220136
31.0,40.0,36541.96738495331
36.0,11.0,19782.230521867506
37.0,13.0,49650.83112443693
31.0,43.0,151017.26286831155
34.0,44.0,169399.80694853666
30.0,42.0,26612.04024435993
31.0,44.0,42147.85211483913
31.0,39.0,92632.48533983469
29.0,38.0,24774.087527896503
27.0,40.0,351266.5039108931
38.0,43.0,80828.50411148695
44.0,16.0,93272.57448345501
34.0,19.0,12725.521323852232
44.0,15.0,206913.47967418272
27.0,38.0,50578.409080645506
27.0,39.0,166306.7983072172
27.0,39.0,128960.8965228778
27.0,39.0,286444.3233554708
31.0,44.0,151431.15772495174
37.0,44.0,33766.097630709846
38.0,42.0,86250.50681940938
38.0,43.0,9087.916019408029
37.0,42.0,119295.88123155205
35.0,43.0,306502.5112535551
36.0,44.0,17593.35889614434
35.0,44.0,7751.662351461073
35.0,44.0,14062.800765982467
36.0,43.0,33356.638523340385
38.0,43.0,41844.5945518044
40.0,35.0,12066.649841930715
38.0,37.0,332053.53072439774
38.0,37.0,76129.9686939051
38.0,37.0,195885.28083100452
36.0,32.0,71790.90797209038
47.0,16.0,61486.25209165963
37.0,37.0,136165.26734897104
34.0,38.0,8980.493301133272
35.0,38.0,9214.079915263183
34.0,38.0,220588.09453125676
34.0,38.0,90177.68637799047
33.0,40.0,13502.484901858637
34.0,38.0,29003.51104498322
33.0,36.0,116117.97803085545
34.0,36.0,38713.80521773341
36.0,32.0,22168.517529816672
31.0,38.0,151932.56772022997
35.0,31.0,16442.199901064054
37.0,34.0,36211.32579726706
37.0,33.0,38246.05205804718
36.0,32.0,65704.62212685272
37.0,38.0,102481.2530959381
37.0,37.0,41981.86015821668
40.0,36.0,15509.403549079116
39.0,36.0,101367.34519987153
40.0,36.0,104850.11827814547
37.0,34.0,86687.00930239195
40.0,36.0,36558.48117056634
38.0,34.0,41474.849908753116
36.0,34.0,44779.703164510356
38.0,38.0,32989.798625979936
38.0,38.0,246609.65757172348
37.0,37.0,15600.98410650709
33.0,38.0,15010.032645755446
33.0,17.0,128356.45507930432
34.0,11.0,23309.36837934488
34.0,18.0,14648.99731755707
34.0,18.0,12133.164047148412
33.0,17.0,50845.603458945145
33.0,15.0,154490.52198116033
33.0,17.0,23396.391826327992
37.0,36.0,7431.343401439904
36.0,41.0,34466.11636669897
36.0,39.0,256495.73157462524
37.0,35.0,206103.37594192254
37.0,36.0,16618.556619293173
36.0,37.0,15582.024382691307
36.0,37.0,135704.45826760586
48.0,15.0,510142.54858533235
48.0,15.0,168334.00867957497
51.0,18.0,239187.77674379555
51.0,17.0,150028.51723484427
51.0,16.0,247255.0636030631
51.0,18.0,151088.74405082577
49.0,19.0,130524.51429703145
52.0,17.0,325018.9697280632
53.0,17.0,66373.92669021104
53.0,17.0,172214.8383800137
52.0,15.0,39435.26638535118
53.0,14.0,464962.0940436096
53.0,14.0,41882.47495175222
54.0,19.0,345476.35706619226
54.0,16.0,172755.48895397584
54.0,15.0,107542.55896317959
54.0,14.0,88378.2616766691
54.0,16.0,265695.6146613616
54.0,15.0,356011.54855765257
51.0,25.0,356734.2342193578
52.0,25.0,86374.1498488554
46.0,25.0,58268.420145978365
23.0,47.0,154182.18690085434
23.0,47.0,16763.45377175016
23.0,47.0,4736.340503357261
23.0,47.0,10295.044853406083
23.0,47.0,24735.264701974516
22.0,52.0,230605.83445770261
9.0,35.0,281512.3198261812
45.0,15.0,489633.0709765498
45.0,29.0,24540.245693450943
47.0,25.0,182936.22497613146
45.0,25.0,175387.63423811787
45.0,25.0,156477.2054804202
46.0,27.0,23201.985243384992
47.0,28.0,117473.21711506395
47.0,26.0,124545.03839339255
48.0,27.0,70303.16159182088
48.0,25.0,83444.13397852393
22.0,48.0,920448.6284970234
18.0,46.0,500549.26041404984
47.0,27.0,19711.67440140591
47.0,27.0,100125.24939850968
20.0,36.0,21003.781219685126
20.0,36.0,84072.9054907409
20.0,36.0,31823.024668498067
19.0,41.0,39893.93885229792
18.0,38.0,4280.070735561312
20.0,42.0,40752.626505815366
20.0,42.0,50424.60545159438
20.0,42.0,61972.86687970357
20.0,43.0,162186.50726496676
22.0,46.0,22048.008576749155
21.0,47.0,285528.1548825149
22.0,47.0,55973.73494745024
22.0,47.0,92536.81205999001
21.0,47.0,24175.112056331553
21.0,44.0,30597.41363482555
20.0,44.0,174988.5303092359
20.0,45.0,132040.44877228598
23.0,47.0,32653.5612674684
20.0,49.0,236756.63568263792
19.0,49.0,337729.0901141139
19.0,48.0,1047545.2198940978
22.0,53.0,591094.9895024128
22.0,53.0,113105.30089919335
22.0,53.0,236505.96210053712
22.0,52.0,146162.85163257024
22.0,52.0,112574.49261685554
22.0,52.0,57931.77150458972
20.0,51.0,547847.9714582037
22.0,51.0,86923.31578713388
20.0,51.0,18573.740494190155
20.0,51.0,228360.808311121
18.0,45.0,587006.3136438994
24.0,49.0,1312434.8011044066
32.0,50.0,46704.84446811363
33.0,53.0,41884.487943531516
32.0,51.0,34022.86133965053
31.0,48.0,10618.116078469884
9.0,41.0,283091.4938149153
9.0,35.0,90766.98097470535
9.0,35.0,156769.28996318654
23.0,8.0,179028.55602902712
21.0,12.0,50786.96304060639
4.0,34.0,132521.84422395163
17.0,46.0,84252.42969765564
17.0,47.0,53770.30304695372
17.0,47.0,51496.93281398786
17.0,47.0,77212.56519036446
17.0,47.0,51299.23936837855
4.0,36.0,154636.85494224954
4.0,37.0,355846.0080097094
5.0,37.0,166892.70780848124
4.0,35.0,30996.685281482598
5.0,35.0,221221.96772624145
13.0,42.0,35588.64610785216
21.0,10.0,51583.29195262191
21.0,10.0,22674.635972114203
21.0,10.0,18245.875559144508
21.0,10.0,4076.681899297162
21.0,10.0,18741.00198206329
21.0,11.0,34645.570997402945
12.0,42.0,322859.09470799967
5.0,45.0,63805.21768869643
4.0,35.0,120758.47309277025
4.0,35.0,125373.82522313064
5.0,38.0,278466.7512330592
5.0,41.0,511558.968042089
5.0,40.0,129591.89374590252
5.0,41.0,39701.036712410925
6.0,40.0,124057.00459724314
5.0,40.0,83282.18792003024
10.0,41.0,27166.082329626275
10.0,41.0,86900.1707472754
10.0,41.0,26522.355860410942
11.0,41.0,46367.63166547405
9.0,35.0,384335.62124879105
9.0,41.0,62411.25919087928
5.0,45.0,76561.24570231511
5.0,45.0,51830.32074860409
6.0,45.0,73275.03441161479
5.0,45.0,20829.969343336263
5.0,44.0,91362.4545702035
6.0,37.0,521520.37338239665
13.0,47.0,1035974.2600594976
21.0,9.0,6391.6643165702535
47.0,40.0,294680.69285104796
39.0,40.0,51453.88470152128
39.0,40.0,160932.47910439767
42.0,40.0,164059.70047734483
42.0,40.0,103898.98973928214
42.0,40.0,42943.334689379946
50.0,31.0,85905.88393690897
24.0,11.0,17931.53495650751
17.0,44.0,593784.2268426805
28.0,13.0,73567.02015071314
28.0,12.0,238487.99034654367
13.0,42.0,26346.45597922574
13.0,47.0,272014.8500060133
20.0,9.0,74681.8703066032
21.0,10.0,9346.287928123133
21.0,10.0,49697.13350004725
21.0,9.0,25112.027156186978
21.0,10.0,35044.03921182942
20.0,10.0,52331.16237984134
22.0,6.0,36435.70153588883
21.0,11.0,33978.75148779519
21.0,10.0,6303.981198139473
27.0,15.0,20642.86128454949
21.0,13.0,32938.612230103565
20.0,13.0,36420.07086622512
28.0,11.0,26397.956910067838
25.0,15.0,59648.53080896163
26.0,13.0,126201.75840875869
26.0,13.0,122266.51039882853
27.0,11.0,52422.368111685646
27.0,11.0,10659.62888159677
27.0,12.0,41630.45139068058
28.0,11.0,16612.539782764212
24.0,22.0,20218.77408538324
47.0,40.0,59588.772747810806
25.0,18.0,13786.488196814284
43.0,9.0,123316.12956961876
42.0,32.0,29127.77510932944
49.0,33.0,219653.42941660952
46.0,40.0,260564.23623705775
46.0,39.0,22424.49776490469
20.0,17.0,36558.49691704643
20.0,17.0,86659.59318045582
19.0,14.0,46741.69464684548
18.0,18.0,19272.060657965903
18.0,17.0,14231.835641695216
26.0,19.0,24921.51466534332
24.0,22.0,32998.914481265085
25.0,22.0,8967.611975680296
25.0,23.0,12362.645106093096
42.0,3.0,147240.16101147103
41.0,4.0,194050.30766034685
42.0,4.0,117997.54491492605
43.0,8.0,141072.2275086645
43.0,9.0,192299.72296924717
43.0,8.0,40861.977806073955
9.0,12.0,93957.56075616428
15.0,8.0,430286.42465944716
13.0,5.0,134150.54494327883
8.0,13.0,59971.69822543378
12.0,6.0,163512.0949577725
5.0,8.0,192771.50348047487
3.0,9.0,367371.55056682596
6.0,8.0,283971.35629622155
12.0,8.0,202710.47288835727
15.0,7.0,53763.741223788435
13.0,6.0,171170.65738385404
14.0,6.0,348798.02742787334
17.0,15.0,36941.58697446018
10.0,10.0,181373.29570195227
12.0,12.0,29253.550501987942
15.0,15.0,43048.949206566635
16.0,12.0,392698.88458181586
12.0,12.0,291690.5368614557
15.0,6.0,67437.60461943984
44.0,3.0,55015.37061540205
43.0,5.0,178660.6220643003
43.0,9.0,112240.31065277083
42.0,4.0,67505.18914871005
42.0,3.0,15207.140342757128
38.0,3.0,47970.29400370774
44.0,9.0,60396.21004190117
42.0,8.0,14724.097483830308
43.0,9.0,9030.0675273484
41.0,10.0,21905.27972122011
41.0,9.0,21834.725891123835
39.0,50.0,80198.22691892934
39.0,45.0,263193.6793275704
38.0,45.0,56554.06085965443
38.0,45.0,25741.722836608344
38.0,47.0,318699.25249549706
37.0,47.0,65960.05423828337
37.0,45.0,312658.41022900335
37.0,47.0,63053.49176024386
39.0,49.0,159217.86234405113
41.0,47.0,231979.6963282593
40.0,45.0,82104.98023382842
40.0,46.0,223651.43634743418
39.0,49.0,160656.56623271006
39.0,50.0,106998.21160285543
39.0,50.0,20998.932803504882
39.0,45.0,104455.10175084762
39.0,45.0,94230.06579724976
37.0,45.0,112561.96024504608
16.0,9.0,48040.94898553451
5.0,7.0,163880.09683263648
3.0,9.0,27191.03808647343
3.0,10.0,403894.25376464654
5.0,12.0,541704.9023734469
11.0,6.0,17131.9414725874
11.0,8.0,424387.17754971934
13.0,6.0,24244.874836622494
13.0,11.0,98520.56703944132
15.0,15.0,22926.766897291673
17.0,12.0,268270.7473205733
15.0,13.0,182276.755213985
11.0,8.0,97495.80494304787
9.0,12.0,31540.269264188188
7.0,10.0,296767.94325822254
8.0,12.0,160016.3321153294
8.0,11.0,245374.03567216502
7.0,12.0,176127.78207479688
8.0,11.0,491625.4584406654
7.0,9.0,160885.04305381942
10.0,10.0,151413.4406019143
13.0,11.0,176537.06578971277
13.0,11.0,65198.49643443405
16.0,6.0,34608.454389261125
13.0,6.0,62683.119894993266
17.0,8.0,184819.7107938773
12.0,6.0,157270.4807768757
5.0,10.0,212357.19299837464
37.0,11.0,16631.10126384519
37.0,11.0,74867.79075568554
4.0,9.0,54543.55053330084
16.0,9.0,62097.30886820573
9.0,12.0,5423.9103723122735
8.0,12.0,340617.29681257997
8.0,16.0,94376.87901184389
15.0,6.0,37913.59715561798
15.0,6.0,80298.04502443691
16.0,14.0,305644.58936277765
8.0,16.0,46283.82688073286
10.0,6.0,18578.573756923954
6.0,8.0,358537.90296151344
6.0,9.0,71622.42141723559
9.0,9.0,19898.5603062134
7.0,12.0,151042.2682956477
6.0,8.0,30582.195838267577
7.0,8.0,36718.753409323894
16.0,7.0,63669.47546091515
15.0,5.0,51272.91821097697
17.0,12.0,318758.5660150224
12.0,12.0,67353.37362788744
15.0,8.0,7155.857359545868
16.0,8.0,118721.22616417966
39.0,4.0,252166.06268961533
42.0,4.0,22608.252370488557
45.0,5.0,121927.17872466677
46.0,4.0,40960.6014037743
45.0,4.0,74174.53797438848
45.0,4.0,133642.91990533657
44.0,5.0,45780.57257805079
44.0,6.0,295423.0410528299
44.0,5.0,11451.630503053686
44.0,6.0,49324.78329268141
44.0,6.0,85111.6172962269
44.0,6.0,12969.816447464305
44.0,5.0,41975.13222020191
42.0,7.0,153093.6681460384
45.0,3.0,287727.41774709965
41.0,4.0,86133.32417770282
44.0,3.0,9086.550280757428
44.0,5.0,12074.736552687158
38.0,3.0,486267.1532039547
46.0,4.0,63116.72008787815
40.0,10.0,5643.5205103842345
43.0,9.0,156608.11077009595
43.0,8.0,13791.255331523997
38.0,9.0,114081.61104015677
37.0,8.0,43176.735159663425
38.0,8.0,30925.995395152255
43.0,9.0,80806.32655925161
38.0,7.0,90001.34771896634
38.0,7.0,14338.367965999118
38.0,7.0,21984.735578823675
37.0,6.0,79921.1242053775
38.0,7.0,22778.478864763703
37.0,7.0,25902.89109177957
39.0,8.0,212084.46419717625
43.0,9.0,16943.499029094874
43.0,9.0,35977.8336899587
37.0,7.0,35887.572268668366
41.0,8.0,52541.0671004788
41.0,10.0,10052.19482182816
38.0,8.0,28922.21255172215
38.0,7.0,8078.943944648359
38.0,8.0,7806.296631170585
38.0,9.0,28713.422680978496
37.0,8.0,7615.645723579551
37.0,8.0,2437.9209730314624
42.0,7.0,16704.61376922274
44.0,5.0,222931.18227109607
44.0,5.0,92675.66314904983
41.0,5.0,44574.45522181136
27.0,3.0,330890.62142965983
28.0,15.0,39320.28135276458
28.0,15.0,88256.02096535727
28.0,16.0,38216.36824533286
28.0,16.0,5703.664920074664
18.0,22.0,17830.741760445133
18.0,22.0,6008.4939072601865
26.0,3.0,27181.93150343927
18.0,22.0,38534.15531965228
18.0,22.0,172922.31350044152
18.0,20.0,58625.438072393845
34.0,20.0,63114.30836311534
24.0,2.0,89216.82135653918
25.0,2.0,26729.96220910174
24.0,2.0,145861.60140112526
27.0,4.0,105630.55495368094
5.0,40.0,91443.06083060632
28.0,5.0,64634.87449957214
27.0,4.0,31264.494668385796
26.0,4.0,52966.71162337456
26.0,4.0,123096.9039744118
24.0,2.0,6652.031546816567
20.0,18.0,124880.7510158447
19.0,5.0,416991.93297983945
2.0,12.0,1056024.1337311591
2.0,14.0,34398.91354778996
21.0,51.0,638583.5209338156
23.0,51.0,459397.01746406924
5.0,10.0,149256.52954533178
17.0,48.0,138966.27858641528
17.0,47.0,94332.08945560275
16.0,35.0,342515.64238671056
5.0,45.0,101206.7640413605
4.0,18.0,85898.86541544629
37.0,18.0,19209.680642812025
22.0,32.0,51563.86485314792
27.0,36.0,14288.749316815243
26.0,14.0,95681.83965328292
21.0,18.0,114741.98253628565
31.0,35.0,76384.12330799786
21.0,32.0,4903.150022975414
22.0,19.0,56438.49485793631
