year,ID,r_c,r_r,r_poi,FAR
1,14166,0.4,0.3,0.3,2.0
1,14790,0.4,0.3,0.3,1.9
1,14393,0.6,0.2,0.2,2.2
1,14715,0.4,0.2,0.4,2.1
1,14718,0.5,0.2,0.3,1.9
1,14657,0.3,0.3,0.4,2.2
1,14169,0.6,0.1,0.3,1.9
1,14134,0.6,0.3,0.1,2.2
1,14634,0.7,0.2,0.1,2.2
1,14472,0.6,0.1,0.3,2.1
1,14594,0.4,0.2,0.4,1.8
1,14387,0.7,0.2,0.1,2.2
1,15157,0.6,0.1,0.3,2.0
1,14527,0.7,0.2,0.1,1.9
1,14296,0.7,0.2,0.1,2.0
1,14556,0.6,0.2,0.2,2.1
1,14804,0.3,0.3,0.4,2.1
1,14555,0.6,0.3,0.1,2.2
1,14458,0.6,0.2,0.2,2.2
1,15380,0.7,0.2,0.1,2.2
1,14148,0.6,0.3,0.1,2.2
1,14802,0.6,0.1,0.3,2.2
1,14653,0.6,0.2,0.2,1.9
1,14563,0.4,0.2,0.4,1.9
1,14391,0.6,0.2,0.2,2.0
1,14245,0.2,0.4,0.4,1.9
1,15365,0.3,0.3,0.4,2.2
1,14257,0.6,0.2,0.2,1.9
1,14404,0.3,0.3,0.4,2.1
1,14652,0.6,0.1,0.3,1.8
2,14603,0.4,0.3,0.3,2.0
2,15342,0.4,0.3,0.3,1.9
2,14446,0.6,0.2,0.2,2.2
2,14625,0.4,0.2,0.4,2.1
2,11966,0.6,0.3,0.1,2.0
2,12678,0.3,0.3,0.4,2.2
2,15056,0.6,0.1,0.3,1.9
2,14707,0.6,0.3,0.1,2.2
2,14828,0.7,0.2,0.1,2.2
2,14529,0.6,0.1,0.3,2.1
2,14450,0.4,0.2,0.4,1.8
2,14048,0.7,0.2,0.1,2.2
2,14311,0.6,0.1,0.3,2.0
2,14416,0.7,0.2,0.1,1.9
2,14131,0.7,0.2,0.1,2.0
2,14750,0.6,0.2,0.2,2.1
2,15538,0.3,0.3,0.4,2.1
2,15371,0.6,0.3,0.1,2.2
2,12769,0.6,0.2,0.2,2.2
2,15212,0.7,0.2,0.1,2.2
2,14747,0.6,0.3,0.1,2.2
2,14654,0.6,0.1,0.3,2.2
2,14639,0.6,0.2,0.2,1.9
2,14702,0.4,0.2,0.4,1.9
2,12826,0.6,0.2,0.2,2.0
2,14876,0.2,0.4,0.4,1.9
2,14218,0.3,0.3,0.4,2.2
2,14588,0.6,0.2,0.2,1.9
2,14701,0.3,0.3,0.4,2.1
2,14085,0.6,0.1,0.3,1.8
3,14308,0.5,0.2,0.3,2.0
3,14584,0.4,0.3,0.3,1.9
3,14558,0.6,0.2,0.2,2.2
3,14361,0.4,0.2,0.4,2.1
3,14994,0.6,0.3,0.1,2.0
3,14377,0.3,0.3,0.4,2.2
3,14140,0.6,0.1,0.3,1.9
3,15082,0.6,0.3,0.1,2.2
3,14695,0.7,0.2,0.1,2.2
3,15026,0.6,0.1,0.3,2.1
3,14766,0.4,0.2,0.4,1.8
3,14959,0.7,0.2,0.1,2.2
3,14493,0.6,0.1,0.3,2.0
3,14730,0.7,0.2,0.1,1.9
3,14679,0.7,0.2,0.1,2.0
3,15221,0.6,0.2,0.2,2.1
3,14600,0.3,0.3,0.4,2.1
3,14561,0.6,0.3,0.1,2.2
3,14708,0.6,0.2,0.2,2.2
3,14295,0.7,0.2,0.1,2.2
3,14092,0.6,0.3,0.1,2.2
3,14489,0.6,0.1,0.3,2.2
3,14638,0.6,0.2,0.2,1.9
3,14976,0.4,0.2,0.4,1.9
3,14467,0.6,0.2,0.2,2.0
3,14099,0.2,0.4,0.4,1.9
3,15312,0.3,0.3,0.4,2.2
3,14720,0.6,0.2,0.2,1.9
3,14477,0.3,0.3,0.4,2.1
3,14333,0.6,0.1,0.3,1.8
4,15559,0.4,0.3,0.3,2.0
4,14510,0.7,0.2,0.1,1.9
4,14162,0.6,0.2,0.2,2.2
4,15110,0.4,0.2,0.4,2.1
4,14494,0.6,0.3,0.1,2.0
4,14732,0.3,0.3,0.4,2.2
4,14575,0.6,0.1,0.3,1.9
4,14765,0.6,0.3,0.1,2.2
4,14067,0.7,0.2,0.1,2.2
4,15334,0.6,0.1,0.3,2.1
4,14478,0.4,0.2,0.4,1.8
4,14601,0.7,0.2,0.1,2.2
4,15170,0.6,0.1,0.3,2.0
4,14745,0.7,0.2,0.1,1.9
4,14125,0.7,0.2,0.1,2.0
4,14536,0.6,0.2,0.2,2.1
4,15549,0.3,0.3,0.4,2.1
4,14086,0.6,0.3,0.1,2.2
4,15178,0.6,0.2,0.2,2.2
4,14424,0.7,0.2,0.1,2.2
4,14193,0.6,0.3,0.1,2.2
4,14476,0.6,0.1,0.3,2.2
4,14570,0.6,0.2,0.2,1.9
4,13763,0.4,0.2,0.4,1.9
4,14034,0.6,0.2,0.2,2.0
4,14485,0.2,0.4,0.4,1.9
4,15360,0.3,0.3,0.4,2.2
4,14744,0.6,0.2,0.2,1.9
4,14646,0.3,0.3,0.4,2.1
4,14172,0.6,0.1,0.3,1.8
5,14064,0.4,0.3,0.3,2.0
5,14823,0.7,0.2,0.1,1.9
5,14624,0.6,0.2,0.2,2.2
5,15187,0.4,0.2,0.4,2.1
5,15346,0.6,0.3,0.1,2.0
5,14572,0.3,0.3,0.4,2.2
5,15301,0.6,0.1,0.3,1.9
5,14455,0.6,0.3,0.1,2.2
5,14540,0.7,0.2,0.1,2.2
5,14683,0.6,0.1,0.3,2.1
5,14388,0.4,0.2,0.4,1.8
5,15554,0.7,0.2,0.1,2.2
5,14336,0.6,0.1,0.3,2.0
5,14491,0.7,0.2,0.1,1.9
5,14531,0.7,0.2,0.1,2.0
5,15290,0.6,0.2,0.2,2.1
5,14482,0.3,0.3,0.4,2.1
5,14464,0.6,0.3,0.1,2.2
5,14706,0.6,0.2,0.2,2.2
5,14659,0.7,0.2,0.1,2.2
5,14642,0.6,0.3,0.1,2.2
5,15266,0.6,0.1,0.3,2.2
5,14095,0.6,0.2,0.2,1.9
5,14685,0.4,0.2,0.4,1.9
5,15343,0.6,0.2,0.2,2.0
5,14546,0.2,0.4,0.4,1.9
5,14106,0.3,0.3,0.4,2.2
5,14042,0.6,0.2,0.2,1.9
5,14197,0.3,0.3,0.4,2.1
5,14097,0.6,0.1,0.3,1.8
6,15184,0.4,0.3,0.3,2.0
6,14161,0.4,0.3,0.3,1.9
6,892,0.6,0.2,0.2,2.2
6,15192,0.4,0.2,0.4,2.1
6,14066,0.5,0.2,0.3,1.9
6,14597,0.3,0.3,0.4,2.2
6,14123,0.6,0.1,0.3,1.9
6,14497,0.6,0.3,0.1,2.2
6,15321,0.7,0.2,0.1,2.2
6,15551,0.6,0.1,0.3,2.1
6,9498,0.4,0.2,0.4,1.8
6,14084,0.7,0.2,0.1,2.2
6,14752,0.6,0.1,0.3,2.0
6,14087,0.7,0.2,0.1,1.9
6,14102,0.7,0.2,0.1,2.0
6,14709,0.6,0.2,0.2,2.1
6,14751,0.3,0.3,0.4,2.1
6,14599,0.6,0.3,0.1,2.2
6,14407,0.6,0.2,0.2,2.2
6,14139,0.7,0.2,0.1,2.2
6,14408,0.6,0.3,0.1,2.2
6,14543,0.6,0.1,0.3,2.2
6,15036,0.5,0.2,0.3,1.8
6,14700,0.4,0.2,0.4,1.9
6,13346,0.6,0.2,0.2,2.0
6,15023,0.2,0.4,0.4,1.9
6,14457,0.6,0.2,0.2,2.0
6,14083,0.6,0.2,0.2,1.9
6,14684,0.3,0.3,0.4,2.1
6,14104,0.6,0.1,0.3,1.8
7,15562,0.5,0.2,0.3,2.0
7,14682,0.4,0.3,0.3,1.9
7,15543,0.6,0.2,0.2,2.2
7,14761,0.4,0.2,0.4,2.1
7,14495,0.5,0.2,0.3,1.9
7,14762,0.3,0.3,0.4,2.2
7,14065,0.6,0.1,0.3,1.9
7,14530,0.6,0.3,0.1,2.2
7,14581,0.6,0.2,0.2,1.8
7,14656,0.6,0.1,0.3,2.1
7,15002,0.4,0.2,0.4,1.8
7,14532,0.7,0.2,0.1,2.2
7,14610,0.6,0.1,0.3,2.0
7,14738,0.7,0.2,0.1,1.9
7,15027,0.7,0.2,0.1,2.0
7,14141,0.6,0.2,0.2,2.1
7,14128,0.3,0.3,0.4,2.1
7,14040,0.6,0.3,0.1,2.2
7,14997,0.6,0.2,0.2,2.2
7,6377,0.7,0.2,0.1,2.2
7,15537,0.6,0.3,0.1,2.2
7,14483,0.6,0.1,0.3,2.2
7,14774,0.5,0.2,0.3,1.8
7,14081,0.4,0.2,0.4,1.9
7,14681,0.6,0.2,0.2,2.0
7,14090,0.2,0.4,0.4,1.9
7,14542,0.6,0.2,0.2,2.0
7,14580,0.6,0.2,0.2,1.9
7,14068,0.3,0.3,0.4,2.1
7,14509,0.6,0.1,0.3,1.8
8,15177,0.4,0.3,0.3,2.0
8,14633,0.7,0.2,0.1,1.9
8,14091,0.6,0.2,0.2,2.2
8,14456,0.4,0.2,0.4,2.1
8,48,0.5,0.2,0.3,1.9
8,14742,0.4,0.2,0.4,2.2
8,14117,0.6,0.1,0.3,1.9
8,15545,0.6,0.3,0.1,2.2
8,14513,0.7,0.2,0.1,2.2
8,14607,0.6,0.1,0.3,2.1
8,14734,0.4,0.2,0.4,1.8
8,14390,0.7,0.2,0.1,2.2
8,14878,0.6,0.1,0.3,2.0
8,14492,0.7,0.2,0.1,1.9
8,14075,0.7,0.2,0.1,2.0
8,14110,0.6,0.2,0.2,2.1
8,14538,0.3,0.3,0.4,2.1
8,14461,0.6,0.3,0.1,2.2
8,14100,0.6,0.2,0.2,2.2
8,14089,0.7,0.2,0.1,2.2
8,14088,0.6,0.3,0.1,2.2
8,14490,0.6,0.1,0.3,2.2
8,14697,0.6,0.2,0.2,1.9
8,15542,0.4,0.2,0.4,1.9
8,14465,0.6,0.2,0.2,2.0
8,14557,0.2,0.4,0.4,1.9
8,14247,0.3,0.3,0.4,2.2
8,14525,0.6,0.2,0.2,1.9
8,14080,0.3,0.3,0.4,2.1
8,15536,0.6,0.1,0.3,1.8
9,14591,0.5,0.2,0.3,2.0
9,14755,0.4,0.3,0.3,1.9
9,14748,0.6,0.2,0.2,2.2
9,14690,0.4,0.2,0.4,2.1
9,14602,0.6,0.3,0.1,2.0
9,15068,0.3,0.3,0.4,2.2
9,14545,0.6,0.1,0.3,1.9
9,14409,0.6,0.3,0.1,2.2
9,14703,0.7,0.2,0.1,2.2
9,14094,0.6,0.1,0.3,2.1
9,14079,0.4,0.2,0.4,1.8
9,14609,0.7,0.2,0.1,2.2
9,14057,0.6,0.1,0.3,2.0
9,14900,0.7,0.2,0.1,1.9
9,14073,0.7,0.2,0.1,2.0
9,14593,0.6,0.2,0.2,2.1
9,14721,0.3,0.3,0.4,2.1
9,14176,0.6,0.3,0.1,2.2
9,14628,0.6,0.2,0.2,2.2
9,14305,0.7,0.2,0.1,2.2
9,14756,0.6,0.3,0.1,2.2
9,12633,0.6,0.1,0.3,2.2
9,15064,0.6,0.2,0.2,1.9
9,14658,0.4,0.2,0.4,1.9
9,14724,0.6,0.2,0.2,2.0
9,14524,0.2,0.4,0.4,1.9
9,14258,0.3,0.3,0.4,2.2
9,14410,0.6,0.2,0.2,1.9
9,15333,0.3,0.3,0.4,2.1
9,14947,0.6,0.1,0.3,1.8
10,14055,0.4,0.3,0.3,2.0
10,14573,0.7,0.2,0.1,1.9
10,14466,0.6,0.2,0.2,2.2
10,14705,0.4,0.2,0.4,2.1
10,14505,0.6,0.3,0.1,2.0
10,14704,0.3,0.3,0.4,2.2
10,14475,0.6,0.1,0.3,1.9
10,14508,0.6,0.3,0.1,2.2
10,14138,0.7,0.2,0.1,2.2
10,14521,0.6,0.1,0.3,2.1
10,14447,0.4,0.2,0.4,1.8
10,14735,0.7,0.2,0.1,2.2
10,14711,0.6,0.1,0.3,2.0
10,14403,0.7,0.2,0.1,1.9
10,14324,0.7,0.2,0.1,2.0
10,14974,0.6,0.2,0.2,2.1
10,14737,0.3,0.3,0.4,2.1
10,14757,0.6,0.3,0.1,2.2
10,14360,0.6,0.2,0.2,2.2
10,14516,0.7,0.2,0.1,2.2
10,9310,0.6,0.3,0.1,2.2
10,14566,0.6,0.1,0.3,2.2
10,14335,0.6,0.2,0.2,1.9
10,14045,0.4,0.2,0.4,1.9
10,14177,0.6,0.2,0.2,2.0
10,14635,0.2,0.4,0.4,1.9
10,14877,0.3,0.3,0.4,2.2
10,14608,0.6,0.2,0.2,1.9
10,14235,0.3,0.3,0.4,2.1
10,14518,0.6,0.1,0.3,1.8
11,14632,0.4,0.3,0.3,2.0
11,14949,0.4,0.3,0.3,1.9
11,7312,0.6,0.2,0.2,2.2
11,14514,0.4,0.2,0.4,2.1
11,14551,0.6,0.3,0.1,2.0
11,9925,0.3,0.3,0.4,2.2
11,14714,0.6,0.1,0.3,1.9
11,14636,0.6,0.3,0.1,2.2
11,15075,0.7,0.2,0.1,2.2
11,14135,0.6,0.1,0.3,2.1
11,14113,0.4,0.2,0.4,1.8
11,14056,0.7,0.2,0.1,2.2
11,14451,0.6,0.1,0.3,2.0
11,14292,0.7,0.2,0.1,1.9
11,14452,0.7,0.2,0.1,2.0
11,14517,0.6,0.2,0.2,2.1
11,14304,0.3,0.3,0.4,2.1
11,14036,0.6,0.3,0.1,2.2
11,14463,0.6,0.2,0.2,2.2
11,15150,0.7,0.2,0.1,2.2
11,11967,0.6,0.3,0.1,2.2
11,14309,0.6,0.1,0.3,2.2
11,14473,0.6,0.2,0.2,1.9
11,14496,0.4,0.2,0.4,1.9
11,13715,0.6,0.2,0.2,2.0
11,14133,0.2,0.4,0.4,1.9
11,14773,0.3,0.3,0.4,2.2
11,9496,0.6,0.2,0.2,1.9
11,14339,0.3,0.3,0.4,2.1
11,14255,0.6,0.1,0.3,1.8
12,14201,0.4,0.3,0.3,2.0
12,14050,0.4,0.3,0.3,1.9
12,14843,0.6,0.2,0.2,2.2
12,14259,0.4,0.2,0.4,2.1
12,11797,0.5,0.2,0.3,1.9
12,14167,0.3,0.3,0.4,2.2
12,9317,0.6,0.1,0.3,1.9
12,14291,0.6,0.3,0.1,2.2
12,14729,0.7,0.2,0.1,2.2
12,14647,0.6,0.1,0.3,2.1
12,14648,0.4,0.2,0.4,1.8
12,14012,0.7,0.2,0.1,2.2
12,14322,0.6,0.1,0.3,2.0
12,14733,0.7,0.2,0.1,1.9
12,12715,0.7,0.2,0.1,2.0
12,14231,0.6,0.2,0.2,2.1
12,15539,0.3,0.3,0.4,2.1
12,15053,0.6,0.3,0.1,2.2
12,14764,0.6,0.2,0.2,2.2
12,406,0.7,0.2,0.1,2.2
12,14256,0.6,0.3,0.1,2.2
12,14583,0.6,0.1,0.3,2.2
12,14890,0.6,0.2,0.2,1.9
12,14992,0.4,0.2,0.4,1.9
12,9495,0.6,0.2,0.2,2.0
12,14396,0.2,0.4,0.4,1.9
12,14150,0.3,0.3,0.4,2.2
12,15309,0.6,0.2,0.2,1.9
12,15117,0.3,0.3,0.4,2.1
12,14294,0.6,0.1,0.3,1.8
