year,idx,r_c,r_r,r_poi,FAR
1,1256,0.6,0.1,0.3,2.0
1,850,0.4,0.2,0.4,2.1
1,910,0.5,0.2,0.3,2.2
1,69,0.4,0.2,0.4,2.0
1,1232,0.4,0.2,0.4,2.2
1,439,0.4,0.2,0.4,2.1
1,1178,0.4,0.2,0.4,2.1
1,503,0.5,0.2,0.3,1.9
1,965,0.4,0.4,0.4,2.2
1,1263,0.4,0.3,0.3,1.9
1,573,0.6,0.2,0.2,2.1
1,71,0.5,0.2,0.3,2.1
1,1411,0.5,0.2,0.3,1.9
1,808,0.6,0.1,0.3,1.8
1,1118,0.4,0.4,0.4,2.1
1,1241,0.7,0.2,0.1,2.1
1,857,0.6,0.1,0.3,2.2
1,338,0.2,0.4,0.4,2.0
1,935,0.4,0.3,0.3,2.2
1,143,0.3,0.3,0.4,1.8
1,637,0.4,0.4,0.4,1.9
1,364,0.4,0.2,0.4,2.2
1,482,0.4,0.3,0.3,2.1
1,1393,0.6,0.1,0.3,1.8
1,995,0.5,0.2,0.3,2.2
1,323,0.3,0.3,0.4,2.2
1,502,0.4,0.4,0.4,2.0
1,1000,0.3,0.3,0.4,1.8
1,360,0.6,0.3,0.1,1.9
1,20,0.6,0.3,0.1,2.1
2,1039,0.6,0.1,0.3,2.0
2,839,0.4,0.2,0.4,2.1
2,218,0.5,0.2,0.3,2.2
2,272,0.4,0.2,0.4,2.0
2,1224,0.6,0.1,0.3,2.0
2,544,0.4,0.2,0.4,2.1
2,86,0.5,0.2,0.3,1.9
2,904,0.6,0.2,0.2,2.0
2,130,0.4,0.4,0.4,2.2
2,1158,0.4,0.3,0.3,1.9
2,187,0.6,0.2,0.2,2.1
2,1184,0.4,0.2,0.4,2.1
2,854,0.5,0.2,0.3,1.9
2,776,0.4,0.4,0.4,2.2
2,177,0.4,0.4,0.4,2.1
2,1199,0.7,0.2,0.1,2.1
2,462,0.7,0.2,0.1,2.1
2,603,0.6,0.2,0.2,2.0
2,135,0.4,0.3,0.3,2.2
2,1104,0.6,0.1,0.3,2.2
2,213,0.4,0.4,0.4,1.9
2,278,0.4,0.2,0.4,2.2
2,368,0.3,0.3,0.4,1.8
2,1233,0.3,0.3,0.4,1.9
2,930,0.5,0.2,0.3,2.2
2,661,0.6,0.2,0.2,2.1
2,986,0.4,0.4,0.4,2.0
2,125,0.4,0.2,0.4,1.9
2,1420,0.4,0.4,0.4,2.1
2,450,0.4,0.4,0.4,2.2
3,6,0.6,0.1,0.3,2.0
3,1406,0.6,0.2,0.2,2.2
3,386,0.5,0.2,0.3,2.2
3,1204,0.4,0.2,0.4,2.0
3,1443,0.6,0.1,0.3,2.0
3,1385,0.4,0.4,0.4,2.1
3,0,0.4,0.2,0.4,2.2
3,128,0.6,0.1,0.3,1.8
3,893,0.4,0.4,0.4,2.2
3,899,0.4,0.3,0.3,1.9
3,79,0.6,0.2,0.2,2.1
3,325,0.6,0.1,0.3,2.2
3,346,0.5,0.2,0.3,1.9
3,1243,0.4,0.4,0.4,2.2
3,118,0.4,0.4,0.4,2.1
3,607,0.7,0.2,0.1,2.1
3,1324,0.4,0.3,0.3,2.0
3,816,0.4,0.4,0.4,2.1
3,5,0.4,0.3,0.3,2.2
3,431,0.4,0.2,0.4,2.1
3,918,0.4,0.4,0.4,1.9
3,1286,0.4,0.2,0.4,1.8
3,408,0.4,0.3,0.3,2.1
3,840,0.6,0.1,0.3,1.9
3,205,0.1,0.6,0.3,2.0
3,269,0.4,0.2,0.4,2.1
3,712,0.4,0.4,0.4,2.0
3,589,0.3,0.3,0.4,1.8
3,1064,0.5,0.2,0.3,1.8
3,1356,0.6,0.3,0.1,2.1
4,545,0.5,0.2,0.3,1.9
4,683,0.4,0.2,0.4,2.1
4,464,0.5,0.2,0.3,2.2
4,158,0.4,0.2,0.4,2.0
4,1407,0.6,0.1,0.3,2.0
4,1161,0.6,0.2,0.2,1.9
4,996,0.4,0.4,0.4,1.8
4,830,0.5,0.2,0.3,1.9
4,903,0.4,0.3,0.3,2.0
4,806,0.6,0.2,0.2,2.1
4,443,0.6,0.2,0.2,2.1
4,331,0.6,0.1,0.3,2.1
4,577,0.4,0.3,0.3,2.1
4,623,0.4,0.4,0.4,2.2
4,1364,0.4,0.3,0.3,1.8
4,1036,0.4,0.2,0.4,2.2
4,190,0.4,0.3,0.3,2.0
4,649,0.7,0.2,0.1,2.2
4,809,0.6,0.3,0.1,1.9
4,423,0.6,0.1,0.3,2.2
4,725,0.4,0.4,0.4,1.9
4,426,0.4,0.4,0.4,1.9
4,592,0.3,0.3,0.4,2.1
4,1248,0.6,0.1,0.3,1.8
4,1432,0.4,0.4,0.4,1.9
4,740,0.3,0.3,0.4,2.2
4,911,0.4,0.4,0.4,2.0
4,481,0.4,0.2,0.4,1.8
4,1005,0.2,0.4,0.4,1.8
4,533,0.6,0.3,0.1,2.1
5,124,0.6,0.1,0.3,2.0
5,1414,0.4,0.2,0.4,2.1
5,1182,0.5,0.2,0.3,2.2
5,786,0.4,0.2,0.4,2.0
5,922,0.6,0.1,0.3,2.0
5,1396,0.5,0.2,0.3,1.8
5,638,0.1,0.6,0.3,2.0
5,141,0.6,0.2,0.2,2.0
5,186,0.4,0.4,0.4,2.1
5,201,0.6,0.2,0.2,2.0
5,1149,0.6,0.2,0.2,2.1
5,1171,0.5,0.2,0.3,2.1
5,311,0.2,0.4,0.4,2.0
5,997,0.4,0.4,0.4,2.2
5,907,0.4,0.4,0.4,2.1
5,1223,0.7,0.2,0.1,2.1
5,456,0.4,0.2,0.4,1.9
5,511,0.4,0.4,0.4,2.1
5,693,0.4,0.3,0.3,2.2
5,1429,0.4,0.2,0.4,2.1
5,720,0.4,0.4,0.4,1.9
5,770,0.4,0.2,0.4,2.2
5,905,0.2,0.4,0.4,2.1
5,1040,0.6,0.1,0.3,1.8
5,1342,0.4,0.4,0.4,2.1
5,822,0.3,0.3,0.4,2.2
5,1016,0.4,0.4,0.4,2.0
5,874,0.4,0.2,0.4,1.9
5,908,0.6,0.3,0.1,1.9
5,398,0.6,0.3,0.1,1.8
6,422,0.6,0.1,0.3,2.0
6,1344,0.2,0.4,0.4,2.2
6,1249,0.5,0.2,0.3,2.2
6,891,0.4,0.2,0.4,2.0
6,1444,0.6,0.1,0.3,2.0
6,1127,0.6,0.3,0.1,2.2
6,902,0.4,0.4,0.4,2.1
6,207,0.5,0.2,0.3,1.9
6,634,0.2,0.7,0.1,1.8
6,1448,0.4,0.3,0.3,1.9
6,238,0.6,0.2,0.2,2.1
6,1022,0.5,0.2,0.3,2.1
6,108,0.5,0.2,0.3,1.9
6,341,0.4,0.4,0.4,2.2
6,884,0.4,0.4,0.4,2.1
6,1402,0.4,0.2,0.4,2.2
6,467,0.4,0.2,0.4,2.0
6,92,0.7,0.2,0.1,2.2
6,77,0.4,0.3,0.3,2.2
6,1197,0.6,0.1,0.3,2.2
6,83,0.4,0.4,0.4,1.9
6,731,0.4,0.2,0.4,2.2
6,909,0.2,0.4,0.4,2.1
6,629,0.6,0.1,0.3,1.8
6,654,0.4,0.4,0.4,1.9
6,968,0.3,0.3,0.4,2.2
6,175,0.4,0.4,0.4,2.0
6,1390,0.4,0.2,0.4,1.9
6,1220,0.4,0.2,0.4,2.1
6,916,0.6,0.3,0.1,2.1
7,1018,0.6,0.1,0.3,2.0
7,148,0.4,0.2,0.4,2.1
7,189,0.5,0.2,0.3,2.2
7,1425,0.4,0.2,0.4,2.0
7,1190,0.4,0.2,0.4,2.2
7,779,0.4,0.2,0.4,1.8
7,11,0.4,0.3,0.3,2.0
7,494,0.6,0.2,0.2,2.0
7,1426,0.4,0.4,0.4,2.2
7,832,0.7,0.2,0.1,2.2
7,702,0.6,0.2,0.2,2.1
7,612,0.4,0.2,0.4,1.9
7,695,0.5,0.2,0.3,1.9
7,914,0.4,0.4,0.4,2.2
7,928,0.4,0.4,0.4,2.1
7,10,0.7,0.2,0.1,2.1
7,1272,0.2,0.4,0.4,1.8
7,817,0.2,0.4,0.4,2.0
7,954,0.2,0.4,0.4,2.0
7,361,0.6,0.1,0.3,2.2
7,1266,0.4,0.4,0.4,1.9
7,567,0.6,0.3,0.1,2.1
7,812,0.4,0.3,0.3,2.1
7,635,0.6,0.1,0.3,1.8
7,991,0.5,0.2,0.3,2.2
7,873,0.4,0.2,0.4,2.1
7,1131,0.4,0.4,0.4,2.0
7,842,0.4,0.2,0.4,1.9
7,1048,0.4,0.4,0.4,2.1
7,1054,0.6,0.3,0.1,2.2
8,195,0.7,0.2,0.1,2.1
8,1250,0.4,0.2,0.4,2.1
8,206,0.4,0.3,0.3,2.0
8,185,0.4,0.2,0.4,2.0
8,339,0.4,0.4,0.4,2.2
8,926,0.6,0.1,0.3,2.1
8,1141,0.6,0.2,0.2,2.1
8,931,0.6,0.2,0.2,2.0
8,202,0.4,0.4,0.4,2.1
8,301,0.6,0.2,0.2,2.1
8,851,0.6,0.2,0.2,2.1
8,1191,0.6,0.1,0.3,2.1
8,887,0.4,0.3,0.3,2.1
8,1181,0.4,0.4,0.4,2.2
8,633,0.4,0.4,0.4,2.1
8,1392,0.3,0.5,0.2,1.9
8,1257,0.4,0.2,0.4,2.2
8,892,0.1,0.6,0.3,1.8
8,553,0.6,0.3,0.1,2.2
8,1418,0.2,0.6,0.2,2.1
8,759,0.4,0.4,0.4,1.9
8,713,0.6,0.1,0.3,2.1
8,1427,0.4,0.3,0.3,2.1
8,813,0.6,0.1,0.3,1.8
8,416,0.5,0.2,0.3,2.2
8,4,0.4,0.2,0.4,2.1
8,789,0.4,0.4,0.4,2.0
8,1440,0.6,0.3,0.1,2.1
8,418,0.4,0.4,0.4,2.1
8,296,0.6,0.2,0.2,1.9
9,81,0.6,0.1,0.3,2.0
9,853,0.4,0.2,0.4,2.1
9,23,0.5,0.2,0.3,2.2
9,955,0.2,0.7,0.1,1.8
9,1177,0.6,0.1,0.3,1.8
9,1401,0.4,0.2,0.4,2.1
9,171,0.4,0.2,0.4,2.1
9,355,0.2,0.6,0.2,2.1
9,723,0.4,0.4,0.4,2.2
9,1015,0.6,0.2,0.2,2.0
9,1437,0.6,0.2,0.2,2.1
9,915,0.6,0.1,0.3,2.1
9,747,0.5,0.2,0.3,1.9
9,9,0.4,0.4,0.4,2.2
9,676,0.4,0.4,0.4,2.1
9,588,0.3,0.5,0.2,1.9
9,820,0.4,0.2,0.4,1.9
9,1423,0.7,0.2,0.1,2.2
9,1290,0.6,0.3,0.1,2.2
9,146,0.6,0.1,0.3,2.2
9,375,0.4,0.4,0.4,1.9
9,1296,0.4,0.2,0.4,2.2
9,1173,0.1,0.7,0.2,2.1
9,229,0.6,0.1,0.3,1.8
9,1252,0.5,0.2,0.3,2.2
9,824,0.4,0.2,0.4,2.1
9,1096,0.6,0.1,0.3,2.2
9,701,0.4,0.2,0.4,1.9
9,526,0.4,0.4,0.4,2.1
9,791,0.6,0.3,0.1,2.1
10,1375,0.6,0.1,0.3,2.0
10,1405,0.4,0.2,0.4,2.1
10,1025,0.5,0.2,0.3,2.2
10,1413,0.4,0.2,0.4,2.0
10,583,0.4,0.2,0.4,2.2
10,604,0.6,0.2,0.2,1.9
10,170,0.4,0.4,0.4,1.8
10,1189,0.4,0.3,0.3,2.1
10,120,0.4,0.4,0.4,2.2
10,810,0.6,0.2,0.2,2.1
10,1098,0.6,0.2,0.2,2.1
10,302,0.6,0.1,0.3,2.1
10,1381,0.3,0.3,0.4,2.1
10,1398,0.4,0.4,0.4,2.2
10,1037,0.4,0.4,0.4,2.1
10,1335,0.5,0.2,0.3,2.1
10,340,0.6,0.1,0.3,2.2
10,1020,0.4,0.4,0.4,2.1
10,515,0.4,0.3,0.3,2.2
10,678,0.6,0.1,0.3,2.2
10,562,0.4,0.4,0.4,1.9
10,687,0.4,0.3,0.3,1.8
10,971,0.4,0.3,0.3,2.1
10,670,0.5,0.2,0.3,2.2
10,1061,0.3,0.3,0.4,1.8
10,453,0.4,0.2,0.4,2.1
10,179,0.4,0.4,0.4,2.0
10,351,0.4,0.2,0.4,1.9
10,992,0.4,0.4,0.4,2.1
10,831,0.5,0.2,0.3,1.9
11,760,0.6,0.1,0.3,2.0
11,937,0.4,0.2,0.4,2.1
11,900,0.4,0.2,0.4,2.1
11,575,0.4,0.2,0.4,2.0
11,164,0.4,0.2,0.4,2.2
11,818,0.4,0.4,0.4,2.1
11,204,0.7,0.2,0.1,2.2
11,1056,0.5,0.2,0.3,2.1
11,414,0.4,0.4,0.4,2.2
11,320,0.4,0.3,0.3,1.9
11,962,0.6,0.2,0.2,2.1
11,531,0.6,0.1,0.3,2.2
11,64,0.2,0.4,0.4,2.0
11,815,0.4,0.4,0.4,2.2
11,236,0.4,0.4,0.4,2.1
11,463,0.7,0.2,0.1,2.1
11,119,0.5,0.2,0.3,2.2
11,133,0.1,0.6,0.3,1.8
11,336,0.4,0.3,0.3,2.2
11,1409,0.6,0.1,0.3,2.2
11,743,0.4,0.4,0.4,1.9
11,941,0.4,0.2,0.4,2.2
11,513,0.4,0.3,0.3,2.1
11,237,0.6,0.1,0.3,1.8
11,518,0.5,0.2,0.3,2.2
11,599,0.3,0.3,0.4,2.2
11,1180,0.4,0.4,0.4,2.0
11,898,0.4,0.2,0.4,1.9
11,286,0.6,0.3,0.1,1.9
11,1088,0.6,0.3,0.1,2.1
12,1193,0.6,0.1,0.3,2.0
12,479,0.4,0.2,0.4,2.1
12,60,0.5,0.2,0.3,2.2
12,1234,0.4,0.2,0.4,2.0
12,459,0.6,0.1,0.3,2.0
12,160,0.1,0.7,0.2,1.8
12,106,0.7,0.2,0.1,2.1
12,855,0.4,0.2,0.4,2.2
12,157,0.4,0.4,0.4,2.2
12,1010,0.6,0.2,0.2,2.1
12,867,0.6,0.2,0.2,2.1
12,849,0.5,0.2,0.3,2.1
12,1399,0.2,0.4,0.4,2.2
12,921,0.4,0.4,0.4,2.2
12,486,0.4,0.4,0.4,2.1
12,1153,0.4,0.2,0.4,2.2
12,732,0.7,0.2,0.1,2.1
12,517,0.4,0.4,0.4,2.1
12,799,0.6,0.2,0.2,2.1
12,437,0.6,0.1,0.3,2.2
12,724,0.4,0.4,0.4,1.9
12,250,0.4,0.2,0.4,2.2
12,994,0.4,0.2,0.4,2.2
12,209,0.3,0.3,0.4,1.9
12,1222,0.5,0.2,0.3,2.2
12,263,0.3,0.3,0.4,2.2
12,552,0.4,0.4,0.4,2.0
12,798,0.4,0.2,0.4,1.9
12,1449,0.6,0.3,0.1,1.9
12,1360,0.5,0.2,0.3,1.9
